{
  "$type": "Sitecore.Commerce.Core.PolicySet, Sitecore.Commerce.Core",
  "Id": "Entity-PolicySet-LocalizeEntitiesPolicySet",
  "Version": 1,
  "IsPersisted": false,
  "Name": "LocalizeEntitiesPolicySet",
  "Policies": {
    "$type": "System.Collections.Generic.List`1[[Sitecore.Commerce.Core.Policy, Sitecore.Commerce.Core]], mscorlib",
    "$values": [
      {
        "$type": "Sitecore.Commerce.Core.LocalizeEntityPolicy, Sitecore.Commerce.Core",
        "Type": "Sitecore.Commerce.Plugin.Promotions.Promotion",
        "Properties": [
          "DisplayText",
          "DisplayCartText"
        ],
        "ActionView": "Details"
      },
      {
        "$type": "Sitecore.Commerce.Core.LocalizeEntityPolicy, Sitecore.Commerce.Core",
        "Type": "Sitecore.Commerce.Plugin.Catalog.Catalog",
        "Properties": [
          "DisplayName"
        ],
        "ActionView": "Details"
      },
      {
        "$type": "Sitecore.Commerce.Core.LocalizeEntityPolicy, Sitecore.Commerce.Core",
        "Type": "Sitecore.Commerce.Plugin.Catalog.Category",
        "Properties": [
          "DisplayName",
          "Description"
        ],
        "ActionView": "Details"
      },
      {
        "$type": "Sitecore.Commerce.Core.LocalizeEntityPolicy, Sitecore.Commerce.Core",
        "Type": "Sitecore.Commerce.Plugin.Catalog.SellableItem",
        "Properties": [
          "DisplayName",
          "Description",
          "Brand"
        ],
        "ActionView": "Details",
        "ComponentsPolicies": [
          {
            "$type": "Sitecore.Commerce.Core.LocalizeEntityComponentPolicy, Sitecore.Commerce.Core",
            "Path": "DisplayPropertiesComponent",
            "Properties": [
              "Color",
              "Size",
              "Style",              
              "DisambiguatingDescription"
            ],
            "ActionView": "DisplayProperties",
            "IsItemComponent": false
          },
          {
            "$type": "Sitecore.Commerce.Core.LocalizeEntityComponentPolicy, Sitecore.Commerce.Core",
            "Path": "ItemVariationsComponent.ItemVariationComponent",
            "Properties": [
              "DisplayName",
              "Description"
            ],
            "ActionView": "Details",
            "IsItemComponent": true
          },
          {
            "$type": "Sitecore.Commerce.Core.LocalizeEntityComponentPolicy, Sitecore.Commerce.Core",
            "Path": "ItemVariationsComponent.ItemVariationComponent.DisplayPropertiesComponent",
            "Properties": [
              "Color",
              "Size",
              "Style",
              "DisambiguatingDescription"
            ],
            "ActionView": "DisplayProperties",
            "IsItemComponent": true
          }
        ]
      },
      {
        "$type": "Sitecore.Commerce.Core.LocalizeEntityPolicy, Sitecore.Commerce.Core",
        "Type": "Sitecore.Commerce.Plugin.Inventory.InventorySet",
        "Properties": [
          "DisplayName",
          "Description"
        ],
        "ActionView": "Details"
      }
    ]
  }
}