{
  "$type": "Sitecore.Commerce.Core.PolicySet, Sitecore.Commerce.Core",
  "Id": "Entity-PolicySet-ShopsMemoryCachePolicySet",
  "Version": 1,
  "IsPersisted": false,
  "Name": "ShopsMemoryCachePolicySet",
  "Policies": {
    "$type": "System.Collections.Generic.List`1[[Sitecore.Commerce.Core.Policy, Sitecore.Commerce.Core]], mscorlib",
    "$values": [
      {
        "$type": "Sitecore.Commerce.Plugin.Management.ManagementCachePolicy, Sitecore.Commerce.Plugin.Management",
        "CurrencySetsCacheName": "CurrencySets",
        "FulfillmentCacheName": "Fulfillment",
        "PaymentsCacheName": "Payments",
        "CountriesCacheName": "Countries",
        "ItemsCollectionCacheName": "ItemsCollection",
        "ItemsCacheName": "Items",
        "Expiration": 86400000,
        "AllowCaching": true
      },
      {
        "$type": "Sitecore.Commerce.Plugin.Catalog.CatalogCachePolicy, Sitecore.Commerce.Plugin.Catalog",
        "CatalogsCacheName": "Catalogs",
        "CategoriesCacheName": "Categories",
        "RelationshipsCacheName": "Relationships",
        "SellableItemsCacheName": "SellableItems",
        "AssociatedCatalogsCacheName": "AssociatedCatalogs",
        "NonAssociatedCatalogsCacheName": "NonAssociatedCatalogs",
        "Expiration": 10800000,
        "AllowCaching": true
      },
      {
        "$type": "Sitecore.Commerce.Core.Caching.EntityMemoryCachingPolicy, Sitecore.Commerce.Core",
        "EntityFullName": "Sitecore.Commerce.Plugin.Content.ContentPath",
        "AllowCaching": true,
        "Priority": "Normal",
        "Expiration": 86400000,
        "CacheAsEntity": true,
        "HasNegativeCaching": true,
        "CacheName": "ContentPaths"
      },
      {
        "$type": "Sitecore.Commerce.Core.Caching.EntityMemoryCachingPolicy, Sitecore.Commerce.Core",
        "EntityFullName": "Sitecore.Commerce.Plugin.Content.ContentItem",
        "AllowCaching": true,
        "Priority": "Normal",
        "Expiration": 86400000,
        "CacheAsEntity": true,
        "HasNegativeCaching": true,
        "CacheName": "ContentItems"
      },
      {
        "$type": "Sitecore.Commerce.Core.Caching.EntityMemoryCachingPolicy, Sitecore.Commerce.Core",
        "EntityFullName": "*",
        "AllowCaching": true,
        "Priority": "Normal",
        "Expiration": 3600000,
        "CacheAsEntity": true,
        "HasNegativeCaching": false,
        "CacheName": "EntityCache"
      },
      {
        "$type": "Sitecore.Commerce.Core.Caching.EntityMemoryCachingPolicy, Sitecore.Commerce.Core",
        "EntityFullName": "Sitecore.Commerce.Core.CommerceEnvironment",
        "AllowCaching": true,
        "Priority": "Normal",
        "CacheAsEntity": true,
        "HasNegativeCaching": false,
        "CacheName": "EntityCache"
      },
      {
        "$type": "Sitecore.Commerce.Core.Caching.EntityMemoryCachingPolicy, Sitecore.Commerce.Core",
        "EntityFullName": "Sitecore.Commerce.Plugin.Returns.ReturnMerchandiseAuthorization",
        "AllowCaching": false
      },
      {
        "$type": "Sitecore.Commerce.Core.Caching.EntityMemoryCachingPolicy, Sitecore.Commerce.Core",
        "EntityFullName": "Sitecore.Commerce.Plugin.Customers.Customer",
        "AllowCaching": false
      },
      {
        "$type": "Sitecore.Commerce.Core.Caching.EntityMemoryCachingPolicy, Sitecore.Commerce.Core",
        "EntityFullName": "Sitecore.Commerce.Plugin.Orders.Order",
        "AllowCaching": false
      },
      {
        "$type": "Sitecore.Commerce.Core.Caching.EntityMemoryCachingPolicy, Sitecore.Commerce.Core",
        "EntityFullName": "Sitecore.Commerce.Plugin.Orders.SalesActivity",
        "AllowCaching": false
      },
      {
        "$type": "Sitecore.Commerce.Core.Caching.EntityMemoryCachingPolicy, Sitecore.Commerce.Core",
        "EntityFullName": "Sitecore.Commerce.Plugin.Journaling.JournalEntry",
        "AllowCaching": false
      },
      {
        "$type": "Sitecore.Commerce.Core.Caching.EntityMemoryCachingPolicy, Sitecore.Commerce.Core",
        "EntityFullName": "Sitecore.Commerce.Plugin.Fulfillment.Shipment",
        "AllowCaching": false
      },
      {
        "$type": "Sitecore.Commerce.Core.Caching.EntityMemoryCachingPolicy, Sitecore.Commerce.Core",
        "EntityFullName": "Sitecore.Commerce.Plugin.Carts.Cart",
        "AllowCaching": false
      },
      {
        "$type": "Sitecore.Commerce.Core.Caching.EntityMemoryCachingPolicy, Sitecore.Commerce.Core",
        "EntityFullName": "Sitecore.Commerce.Plugin.GiftCards.GiftCard",
        "AllowCaching": false
      },
      {
        "$type": "Sitecore.Commerce.Core.Caching.EntityMemoryCachingPolicy, Sitecore.Commerce.Core",
        "EntityFullName": "Sitecore.Commerce.Core.LocalizationEntity",
        "AllowCaching": true,
        "Priority": "Normal",
        "Expiration": 21600000,
        "CacheAsEntity": true,
        "HasNegativeCaching": true,
        "CacheName": "LocalizationEntities"
      },
      {
        "$type": "Sitecore.Commerce.Core.Caching.EntityMemoryCachingPolicy, Sitecore.Commerce.Core",
        "EntityFullName": "Sitecore.Commerce.Plugin.Inventory.InventoryInformation",
        "AllowCaching": false
      },
      {
        "$type": "Sitecore.Commerce.Core.Caching.EntityMemoryCachingPolicy, Sitecore.Commerce.Core",
        "EntityFullName": "Sitecore.Commerce.Plugin.CacheWatcher.CacheTrackingEntity",
        "AllowCaching": false
      },
      {
        "$type": "Sitecore.Commerce.Core.Caching.EntityMemoryCachingPolicy, Sitecore.Commerce.Core",
        "EntityFullName": "Sitecore.Commerce.Plugin.ManagedLists.ManagedList",
        "AllowCaching": true,
        "Priority": "Normal",
        "Expiration": 3600000,
        "CacheAsEntity": true,
        "HasNegativeCaching": true,
        "CacheName": "EntityCache"
      },
      {
        "$type": "Sitecore.Commerce.Core.Caching.EntityMemoryCachingPolicy, Sitecore.Commerce.Core",
        "EntityFullName": "Sitecore.Commerce.Core.EntityIndex",
        "AllowCaching": true,
        "Priority": "Normal",
        "Expiration": 259200000,
        "CacheAsEntity": true,
        "HasNegativeCaching": false,
        "CacheName": "EntityCache"
      },
      {
        "$type": "Sitecore.Commerce.Core.Caching.EntityMemoryCachingPolicy, Sitecore.Commerce.Core",
        "EntityFullName": "Sitecore.Commerce.Plugin.Promotions.Promotion",
        "AllowCaching": true,
        "Priority": "Normal",
        "Expiration": 10800000,
        "CacheAsEntity": true,
        "HasNegativeCaching": false,
        "CacheName": "Promotions.All"
      },
      {
        "$type": "Sitecore.Commerce.Core.Caching.EntityMemoryCachingPolicy, Sitecore.Commerce.Core",
        "EntityFullName": "Sitecore.Commerce.Plugin.Coupons.Coupon",
        "AllowCaching": false,
        "Priority": "Normal",
        "Expiration": 10800000,
        "CacheAsEntity": true,
        "HasNegativeCaching": false,
        "CacheName": "Coupons"
      },
      {
        "$type": "Sitecore.Commerce.Core.Caching.EntityMemoryCachingPolicy, Sitecore.Commerce.Core",
        "EntityFullName": "Sitecore.Commerce.Plugin.Catalog.Catalog",
        "AllowCaching": true,
        "Priority": "Normal",
        "Expiration": 21600000,
        "CacheAsEntity": true,
        "HasNegativeCaching": false,
        "CacheName": "Catalogs"
      },
      {
        "$type": "Sitecore.Commerce.Core.Caching.EntityMemoryCachingPolicy, Sitecore.Commerce.Core",
        "EntityFullName": "Sitecore.Commerce.Plugin.Catalog.Category",
        "AllowCaching": true,
        "Priority": "Normal",
        "Expiration": 7200000,
        "CacheAsEntity": true,
        "HasNegativeCaching": false,
        "CacheName": "Categories"
      },
      {
        "$type": "Sitecore.Commerce.Core.Caching.EntityMemoryCachingPolicy, Sitecore.Commerce.Core",
        "EntityFullName": "Sitecore.Commerce.Plugin.Catalog.RelationshipDefinition",
        "AllowCaching": true,
        "Priority": "Normal",
        "Expiration": 86400000,
        "CacheAsEntity": true,
        "HasNegativeCaching": false,
        "CacheName": "RelationshipDefinitions"
      },
      {
        "$type": "Sitecore.Commerce.Core.Caching.EntityMemoryCachingPolicy, Sitecore.Commerce.Core",
        "EntityFullName": "Sitecore.Commerce.Plugin.Catalog.SellableItem",
        "AllowCaching": true,
        "Priority": "Normal",
        "Expiration": 7200000,
        "CacheAsEntity": true,
        "HasNegativeCaching": true,
        "CacheName": "SellableItems"
      },
      {
        "$type": "Sitecore.Commerce.Core.Caching.EntityMemoryCachingPolicy, Sitecore.Commerce.Core",
        "EntityFullName": "Sitecore.Commerce.Plugin.Pricing.PriceCard",
        "AllowCaching": true,
        "Priority": "Normal",
        "Expiration": 10800000,
        "CacheAsEntity": true,
        "HasNegativeCaching": false,
        "CacheName": "EntityCache"
      },
      {
        "$type": "Sitecore.Commerce.Core.Caching.EntityMemoryCachingPolicy, Sitecore.Commerce.Core",
        "EntityFullName": "Sitecore.Commerce.Core.NegativeCache",
        "AllowCaching": true,
        "Priority": "Normal",
        "Expiration": 3600000,
        "CacheAsEntity": true,
        "HasNegativeCaching": false,
        "CacheName": "EntityCache"
      }
    ]
  }
}
