{
  "$type": "Sitecore.Commerce.Core.CommerceEnvironment, Sitecore.Commerce.Core",
  "ArtifactStoreId": "40E77B7B-4BE9-4186-B53B-5BFD89A6A83B",
  "Components": {
    "$type": "System.Collections.Generic.List`1[[Sitecore.Commerce.Core.Component, Sitecore.Commerce.Core]], mscorlib",
    "$values": [{
      "$type": "Sitecore.Commerce.Plugin.ManagedLists.ListMembershipsComponent, Sitecore.Commerce.Plugin.ManagedLists",
      "Memberships": {
        "$type": "System.Collections.Generic.List`1[[System.String, mscorlib]], mscorlib",
        "$values": ["CommerceEnvironments"]
      },
      "Id": "c132ddc8e1b24a0ca378b6d069c14b84",
      "Policies": {
        "$type": "System.Collections.Generic.List`1[[Sitecore.Commerce.Core.Policy, Sitecore.Commerce.Core]], mscorlib",
        "$values": []
      },
      "ChildComponents": {
        "$type": "System.Collections.Generic.List`1[[Sitecore.Commerce.Core.Component, Sitecore.Commerce.Core]], mscorlib",
        "$values": []
      }
    }]
  },
  "DateCreated": "2016-09-23T18:04:08.1660038Z",
  "DateUpdated": "2016-09-23T18:04:08.1760227Z",
  "Id": "Entity-CommerceEnvironment-AdventureWorksAuthoring",
  "Version": 1,
  "IsPersisted": false,
  "Name": "AdventureWorksAuthoring",
  "Policies": {
    "$type": "System.Collections.Generic.List`1[[Sitecore.Commerce.Core.Policy, Sitecore.Commerce.Core]], mscorlib",
    "$values": [
      {
        "$type": "Sitecore.Commerce.Plugin.Carts.CalculateCartPolicy, Sitecore.Commerce.Plugin.Carts",
        "AlwaysCalculate": true
      },
      {
        "$type": "Sitecore.Commerce.Core.PolicySetPolicy, Sitecore.Commerce.Core",
        "PolicySetId": "Entity-PolicySet-ViewTemplateComposer"
      },
      {
        "$type": "Sitecore.Commerce.Core.PolicySetPolicy, Sitecore.Commerce.Core",
        "PolicySetId": "Entity-PolicySet-PluginPolicySet"
      },
      {
        "$type": "Sitecore.Commerce.Core.PolicySetPolicy, Sitecore.Commerce.Core",
        "PolicySetId": "Entity-PolicySet-ValidationPolicySet"
      },
      {
        "$type": "Sitecore.Commerce.Core.PolicySetPolicy, Sitecore.Commerce.Core",
        "PolicySetId": "Entity-PolicySet-AuthoringMemoryCachePolicySet"
      },
      {
        "$type": "Sitecore.Commerce.Core.PolicySetPolicy, Sitecore.Commerce.Core",
        "PolicySetId": "Entity-PolicySet-ContentPolicySet"
      },
      {
        "$type": "Sitecore.Commerce.Plugin.Management.SearchMediaItemsPolicy, Sitecore.Commerce.Plugin.Management",
        "ODataItemServiceApiKey": "34905B27-5F55-4DF8-B866-B60A1571D2D5"
      },
      {
        "$type": "Sitecore.Commerce.Core.PolicySetPolicy, Sitecore.Commerce.Core",
        "PolicySetId": "Entity-PolicySet-LocalizeEntitiesPolicySet"
      },
      {
        "$type": "Sitecore.Commerce.Core.PolicySetPolicy, Sitecore.Commerce.Core",
        "PolicySetId": "Entity-PolicySet-SearchPolicySet"
      },
      {
        "$type": "Sitecore.Commerce.Core.PolicySetPolicy, Sitecore.Commerce.Core",
        "PolicySetId": "Entity-PolicySet-SolrSearchPolicySet"
      },
      {
        "$type": "Sitecore.Commerce.Core.PolicySetPolicy, Sitecore.Commerce.Core",
        "PolicySetId": "Entity-PolicySet-ShardingPolicySet"
      },
      {
        "$type": "Sitecore.Commerce.Core.PolicySetPolicy, Sitecore.Commerce.Core",
        "PolicySetId": "Entity-PolicySet-RelationshipsPolicySet"
      },
      {
        "$type": "Sitecore.Commerce.Core.PolicySetPolicy, Sitecore.Commerce.Core",
        "PolicySetId": "Entity-PolicySet-WorkflowPolicySet"
      },
      {
        "$type": "Sitecore.Commerce.Core.PolicySetPolicy, Sitecore.Commerce.Core",
        "PolicySetId": "Entity-PolicySet-VersioningPolicySet"
      },
      {
        "$type": "Sitecore.Commerce.Core.PolicySetPolicy, Sitecore.Commerce.Core",
        "PolicySetId": "Entity-PolicySet-SqlPolicySet"
      },
      {
        "$type": "Sitecore.Commerce.Core.PolicySetPolicy, Sitecore.Commerce.Core",
        "PolicySetId": "Entity-PolicySet-ControllerMethodRolesPolicySet"
      },
      {
        "$type": "Sitecore.Commerce.Core.PolicySetPolicy, Sitecore.Commerce.Core",
        "PolicySetId": "Entity-PolicySet-SitecoreCatalogIndexingPolicySet"
      },
      {
        "$type": "Sitecore.Commerce.Plugin.Journaling.EntityJournalingPolicy, Sitecore.Commerce.Plugin.Journaling",
        "EntityFullName": "Sitecore.Commerce.Plugin.Orders.Order",
        "Journal": "OrdersJournal"
      },
      {
        "$type": "Sitecore.Commerce.Plugin.BusinessUsers.EnvironmentBusinessToolsPolicy,Sitecore.Commerce.Plugin.BusinessUsers",
        "ServiceUrl": "https://localhost:5000"
      },
      {
        "$type": "Sitecore.Commerce.Core.EnvironmentInitializationPolicy, Sitecore.Commerce.Core",
        "InitialArtifactSets": {
          "$type": "System.Collections.Generic.List`1[[System.String, mscorlib]], mscorlib",
          "$values": [
            "Carts.CartPolicySets-1.0",
            "Catalog.DefaultSellableItems-1.0",
            "Catalog.DefaultRelationshipDefinitions-1.0",
            "GiftCards.DefaultGiftCard-1.0",
            "GiftCards.TestGiftCards-1.0",
            "Pricing.DefaultPriceBook-1.0",
            "Environment.AdventureWorks.PolicySets-1.0",
            "Environment.AdventureWorks.SellableItems-1.0",
            "Environment.AdventureWorks.Pricing-1.0",
            "Environment.AdventureWorks.Promotions-1.0",
            "Environment.AdventureWorks.Catalog-1.0"
          ]
        }
      },
      {
        "$type": "Plugin.Sample.Customers.CsMigration.ProfilesSqlPolicy, Plugin.Sample.Customers.CsMigration",
        "Server": ".",
        "Database": "SXAStorefrontSite_profiles",
        "TrustedConnection": true,
        "UserName": "",
        "Password": ""
      },
      {
        "$type": "Plugin.Sample.Customers.CsMigration.ProfilePropertiesMappingPolicy, Plugin.Sample.Customers.CsMigration",
        "UserProperties": {
          "GeneralInfo.language": "Language",
          "GeneralInfo.tel_number": "PhoneNumber"
        },
        "AddressProperties": {
          "ProfileSystem.user_id_changed_by": "ChangedBy"
        }
      },
      {
        "$type": "Sitecore.Commerce.Core.PolicySetPolicy, Sitecore.Commerce.Core",
        "PolicySetId": "Entity-PolicySet-BraintreePolicySet"
      },
      {
        "$type": "Sitecore.Commerce.Core.PolicySetPolicy, Sitecore.Commerce.Core",
        "PolicySetId": "Entity-PolicySet-AccessByRolesPolicySet"
      },
      {
        "$type": "Sitecore.Commerce.Core.GlobalEnvironmentPolicy, Sitecore.Commerce.Core",
        "Languages": {
          "$type": "System.Collections.Generic.List`1[[System.String, mscorlib]], mscorlib",
          "$values": [ "en", "de-DE", "ja-JP", "fr-FR" ]
        },
        "DefaultCurrency": "USD",
        "DefaultCountry": {
          "$type": "Sitecore.Commerce.Core.EntityReference, Sitecore.Commerce.Core",
          "Name": "",
          "EntityTarget": "Entity-Country-USA",
          "Policies": {
            "$type": "System.Collections.Generic.List`1[[Sitecore.Commerce.Core.Policy, Sitecore.Commerce.Core]], mscorlib",
            "$values": []
          }
        },
        "Countries": {
          "$type": "System.Collections.Generic.List`1[[Sitecore.Commerce.Core.EntityReference, Sitecore.Commerce.Core]], mscorlib",
          "$values": [
            {
              "$type": "Sitecore.Commerce.Core.EntityReference, Sitecore.Commerce.Core",
              "Name": "",
              "EntityTarget": "Entity-Country-USA",
              "Policies": {
                "$type": "System.Collections.Generic.List`1[[Sitecore.Commerce.Core.Policy, Sitecore.Commerce.Core]], mscorlib",
                "$values": []
              }
            },
            {
              "$type": "Sitecore.Commerce.Core.EntityReference, Sitecore.Commerce.Core",
              "Name": "",
              "EntityTarget": "Entity-Country-CAN",
              "Policies": {
                "$type": "System.Collections.Generic.List`1[[Sitecore.Commerce.Core.Policy, Sitecore.Commerce.Core]], mscorlib",
                "$values": []
              }
            }
          ]
        },
        "DefaultLocale": "en",
        "FirstDayOfWeek": "Sunday",
        "PostalCodeOptionalCountries": {
          "$type": "System.Collections.Generic.List`1[[System.String, mscorlib]], mscorlib",
          "$values": []
        }
      },
      {
        "$type": "Sitecore.Commerce.Plugin.Promotions.GlobalPromotionsPolicy, Sitecore.Commerce.Plugin.Promotions",
        "MaxPromotionNameLength": "50",
        "MaxPromotionBookNameLength": "50",
        "PromotionsRequireApproval": "false"
      },
      {
        "$type": "Sitecore.Commerce.Plugin.Customers.CustomerPropertiesPolicy, Sitecore.Commerce.Plugin.Customers",
        "PreviewProperties": {
          "$type": "System.Collections.Generic.List`1[[System.String, mscorlib]], mscorlib",
          "$values": [
            "FirstName",
            "LastName",
            "UserName",
            "Email",
            "AccountStatus",
            "Language"
          ]
        },
        "DetailsProperties": {
          "$type": "System.Collections.Generic.List`1[[System.String, mscorlib]], mscorlib",
          "$values": [
            "AccountNumber",
            "FirstName",
            "LastName",
            "LoginName",
            "Domain",
            "UserName",
            "Email",
            "AccountStatus",
            "PhoneNumber",
            "Language"
          ]
        },
        "AddressDetailsProperties": {
          "$type": "System.Collections.Generic.List`1[[System.String, mscorlib]], mscorlib",
          "$values": [
            "AddressName",
            "FirstName",
            "LastName",
            "Country",
            "CountryCode",
            "State",
            "StateCode",
            "City",
            "Address1",
            "Address2",
            "ZipPostalCode",
            "IsPrimary",
            "PhoneNumber"
          ]
        },
        "Domains": [ "Storefront", "extranet", "CommerceUsers" ] 
      },
      {
        "$type": "Sitecore.Commerce.Plugin.Customers.CustomersRemovePolicy, Sitecore.Commerce.Plugin.Customers",
        "ForgetCustomer": false
      },
      {
        "$type": "Sitecore.Commerce.Plugin.Carts.RollupCartLinesPolicy, Sitecore.Commerce.Plugin.Carts",
        "Rollup": true
      },
      {
        "$type": "Sitecore.Commerce.Plugin.Returns.RequestRmaReasonsPolicy, Sitecore.Commerce.Plugin.Returns",
        "List": {
          "$type": "System.Collections.Generic.List`1[[Sitecore.Commerce.Plugin.Returns.RmaReason, Sitecore.Commerce.Plugin.Returns]], mscorlib",
          "$values": [
            {
              "$type": "Sitecore.Commerce.Plugin.Returns.RmaReason, Sitecore.Commerce.Plugin.Returns",
              "Code": "WrongItem",
              "Description": "The wrong item was sent",
              "Name": "",
              "Policies": {
                "$type": "System.Collections.Generic.List`1[[Sitecore.Commerce.Core.Policy, Sitecore.Commerce.Core]], mscorlib",
                "$values": []
              }
            },
            {
              "$type": "Sitecore.Commerce.Plugin.Returns.RmaReason, Sitecore.Commerce.Plugin.Returns",
              "Code": "DidNotLike",
              "Description": "Customer did not like item",
              "Name": "",
              "Policies": {
                "$type": "System.Collections.Generic.List`1[[Sitecore.Commerce.Core.Policy, Sitecore.Commerce.Core]], mscorlib",
                "$values": []
              }
            }
          ]
        }
      },
      {
        "$type": "Sitecore.Commerce.Core.MinionPolicy, Sitecore.Commerce.Core",
        "WakeupInterval": "00:00:01",
        "ListToWatch": "",
        "FullyQualifiedName": "Sitecore.Commerce.Core.NodeHeartBeatMinion, Sitecore.Commerce.Core",
        "ItemsPerBatch": 10,
        "SleepBetweenBatches": 500
      },
      {
        "$type": "Sitecore.Commerce.Core.ListNamePolicy, Sitecore.Commerce.Core",
        "Prefix": "List",
        "Suffix": "ByDate",
        "Separator": "-"
      },
      {
        "$type": "Sitecore.Commerce.Plugin.Orders.GlobalOrderPolicy, Sitecore.Commerce.Plugin.Orders",
        "InvoicePrefix": "aaa",
        "InvoiceSuffix": "zzz",
        "AllowOrderCancel": true,
        "SubmittedOrderList": "PendingOrders",
        "CompletedOrderList": "CompletedOrders",
        "CreatedOrderStatus": "Pending",
        "CreatedOrderPaymentStatus": "Paid"
      },
      {
        "$type": "Sitecore.Commerce.Plugin.Orders.OnHoldOrdersPolicy, Sitecore.Commerce.Plugin.Orders",
        "AllowHoldStatuses": {
          "$type": "System.Collections.Generic.List`1[[System.String, mscorlib]], mscorlib",
          "$values": [ "Pending", "Problem" ]
        }
      },
      {
        "$type": "Sitecore.Commerce.Plugin.Orders.CancelOrdersPolicy, Sitecore.Commerce.Plugin.Orders",
        "AllowCancelStatuses": {
          "$type": "System.Collections.Generic.List`1[[System.String, mscorlib]], mscorlib",
          "$values": [ "Pending", "Problem", "OnHold" ]
        }
      },
      {
        "$type": "Sitecore.Commerce.Plugin.Inventory.GlobalInventoryPolicy, Sitecore.Commerce.Plugin.Inventory",
        "CheckStockLevel": true,
        "SubtractStockOnOrder": true,
        "DefaultAllocationDateAvailable": "0001-01-01T00:00:00+00:00"
      },
      {
        "$type": "Sitecore.Commerce.Core.GlobalCurrencyPolicy, Sitecore.Commerce.Core",
        "DefaultCurrencySet": "0F65742E-317F-44B0-A4DE-EBF06209E8EE"
      },
      {
        "$type": "Sitecore.Commerce.Plugin.Fulfillment.GlobalPhysicalFulfillmentPolicy, Sitecore.Commerce.Plugin.Fulfillment",
        "MaxShippingWeight": 50.0,
        "MeasurementUnits": "Inches",
        "WeightUnits": "Lbs",
        "DefaultCartFulfillmentFees": {
          "$type": "System.Collections.Generic.List`1[[Sitecore.Commerce.Core.Money, Sitecore.Commerce.Core]], mscorlib",
          "$values": [
            {
              "$type": "Sitecore.Commerce.Core.Money, Sitecore.Commerce.Core",
              "CurrencyCode": "USD",
              "Amount": 10.0
            },
            {
              "$type": "Sitecore.Commerce.Core.Money, Sitecore.Commerce.Core",
              "CurrencyCode": "CAD",
              "Amount": 12.0
            }
          ]
        },
        "DefaultCartFulfillmentFee": {
          "$type": "Sitecore.Commerce.Core.Money, Sitecore.Commerce.Core",
          "CurrencyCode": "USD",
          "Amount": 3.0
        },
        "DefaultItemFulfillmentFees": {
          "$type": "System.Collections.Generic.List`1[[Sitecore.Commerce.Core.Money, Sitecore.Commerce.Core]], mscorlib",
          "$values": [
            {
              "$type": "Sitecore.Commerce.Core.Money, Sitecore.Commerce.Core",
              "CurrencyCode": "USD",
              "Amount": 2.0
            },
            {
              "$type": "Sitecore.Commerce.Core.Money, Sitecore.Commerce.Core",
              "CurrencyCode": "CAD",
              "Amount": 3.0
            }
          ]
        },
        "DefaultItemFulfillmentFee": {
          "$type": "Sitecore.Commerce.Core.Money, Sitecore.Commerce.Core",
          "CurrencyCode": "USD",
          "Amount": 3.0
        },
        "FulfillmentFees": {
          "$type": "System.Collections.Generic.List`1[[Sitecore.Commerce.Plugin.Fulfillment.FulfillmentFee, Sitecore.Commerce.Plugin.Fulfillment]], mscorlib",
          "$values": [
            {
              "$type": "Sitecore.Commerce.Plugin.Fulfillment.FulfillmentFee, Sitecore.Commerce.Plugin.Fulfillment",
              "Fee": {
                "$type": "Sitecore.Commerce.Core.Money, Sitecore.Commerce.Core",
                "CurrencyCode": "USD",
                "Amount": 15.0
              },
              "Name": "Ground",
              "Policies": {
                "$type": "System.Collections.Generic.List`1[[Sitecore.Commerce.Core.Policy, Sitecore.Commerce.Core]], mscorlib",
                "$values": []
              }
            },
            {
              "$type": "Sitecore.Commerce.Plugin.Fulfillment.FulfillmentFee, Sitecore.Commerce.Plugin.Fulfillment",
              "Fee": {
                "$type": "Sitecore.Commerce.Core.Money, Sitecore.Commerce.Core",
                "CurrencyCode": "USD",
                "Amount": 2.0
              },
              "Name": "Standard",
              "Policies": {
                "$type": "System.Collections.Generic.List`1[[Sitecore.Commerce.Core.Policy, Sitecore.Commerce.Core]], mscorlib",
                "$values": []
              }
            },
            {
              "$type": "Sitecore.Commerce.Plugin.Fulfillment.FulfillmentFee, Sitecore.Commerce.Plugin.Fulfillment",
              "Fee": {
                "$type": "Sitecore.Commerce.Core.Money, Sitecore.Commerce.Core",
                "CurrencyCode": "USD",
                "Amount": 5.0
              },
              "Name": "Next Day Air",
              "Policies": {
                "$type": "System.Collections.Generic.List`1[[Sitecore.Commerce.Core.Policy, Sitecore.Commerce.Core]], mscorlib",
                "$values": []
              }
            },
            {
              "$type": "Sitecore.Commerce.Plugin.Fulfillment.FulfillmentFee, Sitecore.Commerce.Plugin.Fulfillment",
              "Fee": {
                "$type": "Sitecore.Commerce.Core.Money, Sitecore.Commerce.Core",
                "CurrencyCode": "USD",
                "Amount": 10.0
              },
              "Name": "Standard Overnight",
              "Policies": {
                "$type": "System.Collections.Generic.List`1[[Sitecore.Commerce.Core.Policy, Sitecore.Commerce.Core]], mscorlib",
                "$values": []
              }
            },
            {
              "$type": "Sitecore.Commerce.Plugin.Fulfillment.FulfillmentFee, Sitecore.Commerce.Plugin.Fulfillment",
              "Fee": {
                "$type": "Sitecore.Commerce.Core.Money, Sitecore.Commerce.Core",
                "CurrencyCode": "CAD",
                "Amount": 15.0
              },
              "Name": "Ground",
              "Policies": {
                "$type": "System.Collections.Generic.List`1[[Sitecore.Commerce.Core.Policy, Sitecore.Commerce.Core]], mscorlib",
                "$values": []
              }
            },
            {
              "$type": "Sitecore.Commerce.Plugin.Fulfillment.FulfillmentFee, Sitecore.Commerce.Plugin.Fulfillment",
              "Fee": {
                "$type": "Sitecore.Commerce.Core.Money, Sitecore.Commerce.Core",
                "CurrencyCode": "CAD",
                "Amount": 2.0
              },
              "Name": "Standard",
              "Policies": {
                "$type": "System.Collections.Generic.List`1[[Sitecore.Commerce.Core.Policy, Sitecore.Commerce.Core]], mscorlib",
                "$values": []
              }
            },
            {
              "$type": "Sitecore.Commerce.Plugin.Fulfillment.FulfillmentFee, Sitecore.Commerce.Plugin.Fulfillment",
              "Fee": {
                "$type": "Sitecore.Commerce.Core.Money, Sitecore.Commerce.Core",
                "CurrencyCode": "CAD",
                "Amount": 5.0
              },
              "Name": "Next Day Air",
              "Policies": {
                "$type": "System.Collections.Generic.List`1[[Sitecore.Commerce.Core.Policy, Sitecore.Commerce.Core]], mscorlib",
                "$values": []
              }
            },
            {
              "$type": "Sitecore.Commerce.Plugin.Fulfillment.FulfillmentFee, Sitecore.Commerce.Plugin.Fulfillment",
              "Fee": {
                "$type": "Sitecore.Commerce.Core.Money, Sitecore.Commerce.Core",
                "CurrencyCode": "CAD",
                "Amount": 10.0
              },
              "Name": "Standard Overnight",
              "Policies": {
                "$type": "System.Collections.Generic.List`1[[Sitecore.Commerce.Core.Policy, Sitecore.Commerce.Core]], mscorlib",
                "$values": []
              }
            }
          ]
        }
      },
      {
        "$type": "Sitecore.Commerce.Plugin.Orders.GlobalCheckoutPolicy, Sitecore.Commerce.Plugin.Orders",
        "EnableQuickCheckout": true,
        "EnableGuestCheckout": true,
        "EnableTermsAndConditions": true,
        "MinimumOrderQuantity": 1.0
      },
      {
        "$type": "Sitecore.Commerce.Plugin.Tax.GlobalTaxPolicy, Sitecore.Commerce.Plugin.Tax",
        "DefaultCartTaxRate": 0.1,
        "DefaultItemTaxRate": 0.1,
        "TaxCalculationEnabled": true,
        "PriceIncudesTax": false,
        "CalculateTaxBasedOn": "ShippingAddress",
        "ShippingTaxClass": "CartItems",
        "RoundAtSubTotal": false
      },
      {
        "$type": "Sitecore.Commerce.Core.TransactionsPolicy, Sitecore.Commerce.Core",
        "TransactionalityEnabled": true,
        "TransactionTimeOut": 180
      },
      {
        "$type": "Sitecore.Commerce.Plugin.Catalog.VariationPropertyPolicy, Sitecore.Commerce.Plugin.Catalog",
        "PropertyNames": {
          "$type": "System.Collections.Generic.List`1[[System.String, mscorlib]], mscorlib",
          "$values": [
            "Color",
            "Size"
          ]
        }
      },
      {
        "$type": "Sitecore.Commerce.Core.IgnorePublishedPolicy, Sitecore.Commerce.Core"
      }
    ]
  }
}