<?xml version="1.0"?>
<doc>
    <assembly>
        <name>Plugin.Sample.Customers.Upgrade</name>
    </assembly>
    <members>
        <member name="T:Plugin.Sample.Customers.Upgrade.UpgradeCustomersCommand">
            <summary>
            Defines an upgrade customers command
            </summary>
            <seealso cref="T:Sitecore.Commerce.Core.Commands.CommerceCommand" />
        </member>
        <member name="M:Plugin.Sample.Customers.Upgrade.UpgradeCustomersCommand.#ctor(Sitecore.Commerce.Core.IFindEntitiesInListPipeline,Plugin.Sample.Customers.Upgrade.IUpgradeCustomerPipeline,System.IServiceProvider)">
            <summary>
            Initializes a new instance of the <see cref="T:Plugin.Sample.Customers.Upgrade.UpgradeCustomersCommand" /> class.
            </summary>
            <param name="findEntitiesInListPipeline">The find entities in list pipeline.</param>
            <param name="upgradeCustomerPipeline">The upgrade customer pipeline.</param>
            <param name="serviceProvider">The service provider.</param>
        </member>
        <member name="M:Plugin.Sample.Customers.Upgrade.UpgradeCustomersCommand.Process(Sitecore.Commerce.Core.CommerceContext)">
            <summary>
            Processes the specified commerce context.
            </summary>
            <param name="commerceContext">The commerce context.</param>
            <returns>
            Number of migrated customers
            </returns>
        </member>
        <member name="M:Plugin.Sample.Customers.Upgrade.UpgradeCustomersCommand.UpgradeCustomersInList(Sitecore.Commerce.Core.CommercePipelineExecutionContextOptions,System.String,System.Int32,System.Int32)">
            <summary>
            Upgrades customers in list.
            </summary>
            <param name="context">The context.</param>
            <param name="listName">Name of the list.</param>
            <param name="skip">The skip.</param>
            <param name="take">The take.</param>
            <returns>Number of migrated customers</returns>
        </member>
        <member name="M:Plugin.Sample.Customers.Upgrade.UpgradeCustomersCommand.CloneCommerceContext(Sitecore.Commerce.Core.CommerceContext)">
            <summary>
            Clones the commerce context.
            </summary>
            <param name="commerceContext">The commerce context.</param>
            <returns>Clone pipeline execution context</returns>
        </member>
        <member name="M:Plugin.Sample.Customers.Upgrade.UpgradeCustomersCommand.MergeMessages(Sitecore.Commerce.Core.CommerceContext,Sitecore.Commerce.Core.CommerceContext)">
            <summary>
            Copies messages from one context into another.
            </summary>
            <param name="targetContext">The context that will recieve the messages.</param>
            <param name="sourceContext">The context that is the source of the messages.</param>
        </member>
        <member name="T:Plugin.Sample.Customers.Upgrade.ConfigureServiceApiBlock">
            <summary>
            Defines a block which configures the OData model for the Carts plugin
            </summary>
            <seealso>
                <cref>
                    Sitecore.Framework.Pipelines.PipelineBlock{Microsoft.AspNetCore.OData.Builder.ODataConventionModelBuilder,
                    Microsoft.AspNetCore.OData.Builder.ODataConventionModelBuilder,
                    Sitecore.Commerce.Core.CommercePipelineExecutionContext}
                </cref>
            </seealso>
        </member>
        <member name="M:Plugin.Sample.Customers.Upgrade.ConfigureServiceApiBlock.Run(Microsoft.AspNetCore.OData.Builder.ODataConventionModelBuilder,Sitecore.Commerce.Core.CommercePipelineExecutionContext)">
            <summary>
            The execute.
            </summary>
            <param name="modelBuilder">
            The argument.
            </param>
            <param name="context">
            The context.
            </param>
            <returns>
            The <see cref="T:Microsoft.AspNetCore.OData.Builder.ODataConventionModelBuilder"/>.
            </returns>
        </member>
        <member name="T:Plugin.Sample.Customers.Upgrade.ConfigureSitecore">
            <summary>
            The Customers Upgrade configure class.
            </summary>
            <seealso cref="T:Sitecore.Framework.Configuration.IConfigureSitecore" />
        </member>
        <member name="M:Plugin.Sample.Customers.Upgrade.ConfigureSitecore.ConfigureServices(Microsoft.Extensions.DependencyInjection.IServiceCollection)">
            <summary>
            The configure services.
            </summary>
            <param name="services">
            The services.
            </param>
        </member>
        <member name="T:Plugin.Sample.Customers.Upgrade.CommandsController">
            <summary>
             Defines the commands controller for the upgrade customers plugin.
            </summary>
            <seealso cref="T:Sitecore.Commerce.Core.CommerceController" />
        </member>
        <member name="M:Plugin.Sample.Customers.Upgrade.CommandsController.#ctor(System.IServiceProvider,Sitecore.Commerce.Core.CommerceEnvironment)">
            <summary>
            Initializes a new instance of the <see cref="T:Plugin.Sample.Customers.Upgrade.CommandsController"/> class.
            </summary>
            <param name="serviceProvider">The service provider.</param>
            <param name="globalEnvironment">The global environment.</param>
        </member>
        <member name="M:Plugin.Sample.Customers.Upgrade.CommandsController.UpgradeCustomers">
            <summary>
            Upgrades the customers.
            </summary>
            <returns>The list of upgraded customers</returns>
        </member>
        <member name="T:Plugin.Sample.Customers.Upgrade.CustomersUpgradeConstants">
            <summary>
            The Upgradet constants.
            </summary>
        </member>
        <member name="T:Plugin.Sample.Customers.Upgrade.CustomersUpgradeConstants.Pipelines">
            <summary>
            The name of the Upgradet pipelines.
            </summary>
        </member>
        <member name="F:Plugin.Sample.Customers.Upgrade.CustomersUpgradeConstants.Pipelines.UpgradeCustomer">
            <summary>
            The upgrade customer
            </summary>
        </member>
        <member name="T:Plugin.Sample.Customers.Upgrade.CustomersUpgradeConstants.Pipelines.Blocks">
            <summary>
            The name of the "Customers Upgrade pipeline blocks.
            </summary>
        </member>
        <member name="F:Plugin.Sample.Customers.Upgrade.CustomersUpgradeConstants.Pipelines.Blocks.ConfigureServiceApiBlock">
            <summary>
            The configure service API block
            </summary>
        </member>
        <member name="F:Plugin.Sample.Customers.Upgrade.CustomersUpgradeConstants.Pipelines.Blocks.UpgradeCustomerBlock">
            <summary>
            The upgrade customer block
            </summary>
        </member>
        <member name="T:Plugin.Sample.Customers.Upgrade.UpgradeCustomerBlock">
            <summary>
            Defines the upgrade customer block
            </summary>
             /// <seealso>
            <cref>
              Sitecore.Framework.Pipelines.PipelineBlock{Sitecore.Commerce.Plugin.Customers.Customer, 
              Sitecore.Commerce.Plugin.Customers.Customer, Sitecore.Commerce.Core.CommercePipelineExecutionContext}"
            </cref>
            </seealso>
        </member>
        <member name="M:Plugin.Sample.Customers.Upgrade.UpgradeCustomerBlock.#ctor(Sitecore.Commerce.Core.IDeleteEntityPipeline)">
            <summary>
            Initializes a new instance of the <see cref="T:Plugin.Sample.Customers.Upgrade.UpgradeCustomerBlock"/> class.
            </summary>
            <param name="deleteEntityPipeline">The delete entity pipeline.</param>
        </member>
        <member name="M:Plugin.Sample.Customers.Upgrade.UpgradeCustomerBlock.Run(Sitecore.Commerce.Plugin.Customers.Customer,Sitecore.Commerce.Core.CommercePipelineExecutionContext)">
            <summary>
            Runs the specified argument.
            </summary>
            <param name="arg">The argument.</param>
            <param name="context">The context.</param>
            <returns>the Customer entity</returns>
        </member>
        <member name="T:Plugin.Sample.Customers.Upgrade.IUpgradeCustomerPipeline">
            <summary>
            Defines the upgrade customer pipeline interface.
            </summary>
            <seealso cref="T:Sitecore.Framework.Pipelines.IPipeline`3" />
        </member>
        <member name="T:Plugin.Sample.Customers.Upgrade.UpgradeCustomerPipeline">
            <summary>
            Defines the upgrade a customer pipeline.
            </summary>
            <seealso>
            <cref>
              Sitecore.Commerce.Core.CommercePipeline{Sitecore.Commerce.Plugin.Customers.Customer, 
              Sitecore.Commerce.Plugin.Customers.Customer}
            </cref>
            </seealso> 
            <seealso cref="T:Plugin.Sample.Customers.Upgrade.IUpgradeCustomerPipeline" />
        </member>
        <member name="M:Plugin.Sample.Customers.Upgrade.UpgradeCustomerPipeline.#ctor(Sitecore.Framework.Pipelines.IPipelineConfiguration{Plugin.Sample.Customers.Upgrade.IUpgradeCustomerPipeline},Microsoft.Extensions.Logging.ILoggerFactory)">
            <summary>
            Initializes a new instance of the <see cref="T:Plugin.Sample.Customers.Upgrade.UpgradeCustomerPipeline" /> class.
            </summary>
            <param name="configuration">The definition.</param>
            <param name="loggerFactory">The logger factory.</param>
        </member>
        <member name="T:Plugin.Sample.Customers.Upgrade.CustomersUpgradePolicy">
            <summary>
            Customers upgrade policy for the customers domain
            </summary>
            <seealso cref="T:Sitecore.Commerce.Core.Policy" />
        </member>
        <member name="M:Plugin.Sample.Customers.Upgrade.CustomersUpgradePolicy.#ctor">
            <summary>
            Initializes a new instance of the <see cref="T:Plugin.Sample.Customers.Upgrade.CustomersUpgradePolicy"/> class.
            </summary>
        </member>
        <member name="P:Plugin.Sample.Customers.Upgrade.CustomersUpgradePolicy.CustomersDomain">
            <summary>
            Gets or sets the customers domain.
            </summary>
            <value>
            The customers domain.
            </value>
        </member>
    </members>
</doc>
