<?xml version="1.0"?>
<doc>
    <assembly>
        <name>Plugin.Sample.Customers.CsMigration</name>
    </assembly>
    <members>
        <member name="T:Plugin.Sample.Customers.CsMigration.MigrateCsCustomersCommand">
            <summary>
            Defines a get user site terms command
            </summary>
            <seealso cref="T:Sitecore.Commerce.Core.Commands.CommerceCommand" />
        </member>
        <member name="F:Plugin.Sample.Customers.CsMigration.MigrateCsCustomersCommand._migrateCustomerPipeline">
            <summary>
            The _get user site terms pipeline.
            </summary>
        </member>
        <member name="M:Plugin.Sample.Customers.CsMigration.MigrateCsCustomersCommand.#ctor(Plugin.Sample.Customers.CsMigration.IMigrateCsCustomerPipeline,System.IServiceProvider)">
            <summary>
            Initializes a new instance of the <see cref="T:Plugin.Sample.Customers.CsMigration.MigrateCsCustomersCommand" /> class.
            </summary>
            <param name="migrateCustomerPipeline">The migrate customer pipeline.</param>
            <param name="serviceProvider">The service Provider.</param>
        </member>
        <member name="M:Plugin.Sample.Customers.CsMigration.MigrateCsCustomersCommand.Process(Sitecore.Commerce.Core.CommerceContext)">
            <summary>
            Processes the specified commerce context.
            </summary>
            <param name="commerceContext">The commerce context.</param>
            <returns>User site terms</returns>
        </member>
        <member name="M:Plugin.Sample.Customers.CsMigration.MigrateCsCustomersCommand.CloneCommerceContext(Sitecore.Commerce.Core.CommerceContext)">
            <summary>
            Clones the commerce context.
            </summary>
            <param name="commerceContext">The commerce context.</param>
            <returns>Clone pipeline execution context</returns>
        </member>
        <member name="M:Plugin.Sample.Customers.CsMigration.MigrateCsCustomersCommand.MergeMessages(Sitecore.Commerce.Core.CommerceContext,Sitecore.Commerce.Core.CommerceContext)">
            <summary>
            Copies messages from one context into another.
            </summary>
            <param name="targetContext">The context that will recieve the messages.</param>
            <param name="sourceContext">The context that is the source of the messages.</param>
        </member>
        <member name="T:Plugin.Sample.Customers.CsMigration.ConfigureServiceApiBlock">
            <summary>
            Defines a block which configures the OData model for the Carts plugin
            </summary>
            <seealso>
                <cref>
                    Sitecore.Framework.Pipelines.PipelineBlock{Microsoft.AspNetCore.OData.Builder.ODataConventionModelBuilder,
                    Microsoft.AspNetCore.OData.Builder.ODataConventionModelBuilder,
                    Sitecore.Commerce.Core.CommercePipelineExecutionContext}
                </cref>
            </seealso>
        </member>
        <member name="M:Plugin.Sample.Customers.CsMigration.ConfigureServiceApiBlock.Run(Microsoft.AspNetCore.OData.Builder.ODataConventionModelBuilder,Sitecore.Commerce.Core.CommercePipelineExecutionContext)">
            <summary>
            The execute.
            </summary>
            <param name="modelBuilder">
            The argument.
            </param>
            <param name="context">
            The context.
            </param>
            <returns>
            The <see cref="T:Microsoft.AspNetCore.OData.Builder.ODataConventionModelBuilder"/>.
            </returns>
        </member>
        <member name="T:Plugin.Sample.Customers.CsMigration.ConfigureSitecore">
            <summary>
            Defines the Customer.Cs plugin configure sitecore.
            </summary>
            <seealso cref="T:Sitecore.Framework.Configuration.IConfigureSitecore" />
        </member>
        <member name="M:Plugin.Sample.Customers.CsMigration.ConfigureSitecore.ConfigureServices(Microsoft.Extensions.DependencyInjection.IServiceCollection)">
            <summary>
            The configure services.
            </summary>
            <param name="services">
            The services.
            </param>
        </member>
        <member name="T:Plugin.Sample.Customers.CsMigration.ProfilesSqlContext">
            <summary>
            An SQL context to access the Commerce Server Profiles system using stored procedures
            </summary>
            <seealso cref="T:System.Transactions.IEnlistmentNotification" />
        </member>
        <member name="M:Plugin.Sample.Customers.CsMigration.ProfilesSqlContext.#ctor(System.String)">
            <summary>
            Initializes a new instance of the <see cref="T:Plugin.Sample.Customers.CsMigration.ProfilesSqlContext"/> class.
            </summary>
            <param name="connectionString">The connection string.</param>
        </member>
        <member name="P:Plugin.Sample.Customers.CsMigration.ProfilesSqlContext.ConnectionString">
            <summary>
            Gets or sets the connection string.
            </summary>
            <value>
            The connection string.
            </value>
        </member>
        <member name="P:Plugin.Sample.Customers.CsMigration.ProfilesSqlContext.CurrentTransaction">
            <summary>
            Gets the transaction.
            </summary>
            <value>
            The transaction.
            </value>
        </member>
        <member name="M:Plugin.Sample.Customers.CsMigration.ProfilesSqlContext.Commit(System.Transactions.Enlistment)">
            <summary>
            Notifies an enlisted object that a transaction is being committed.
            </summary>
            <param name="enlistment">An <see cref="T:System.Transactions.Enlistment" /> object used to send a response to the transaction manager.</param>
        </member>
        <member name="M:Plugin.Sample.Customers.CsMigration.ProfilesSqlContext.InDoubt(System.Transactions.Enlistment)">
            <summary>
            Notifies an enlisted object that the status of a transaction is in doubt.
            </summary>
            <param name="enlistment">An <see cref="T:System.Transactions.Enlistment" /> object used to send a response to the transaction manager.</param>
        </member>
        <member name="M:Plugin.Sample.Customers.CsMigration.ProfilesSqlContext.Prepare(System.Transactions.PreparingEnlistment)">
            <summary>
            Notifies an enlisted object that a transaction is being prepared for commitment.
            </summary>
            <param name="preparingEnlistment">A <see cref="T:System.Transactions.PreparingEnlistment" /> object used to send a response to the transaction manager.</param>
        </member>
        <member name="M:Plugin.Sample.Customers.CsMigration.ProfilesSqlContext.Rollback(System.Transactions.Enlistment)">
            <summary>
            Notifies an enlisted object that a transaction is being rolled back (aborted).
            </summary>
            <param name="enlistment">A <see cref="T:System.Transactions.Enlistment" /> object used to send a response to the transaction manager.</param>
        </member>
        <member name="M:Plugin.Sample.Customers.CsMigration.ProfilesSqlContext.GetAllProfiles">
            <summary>
            Gets all profiles.
            </summary>
            <returns>A list of all profile Ids and Emails</returns>
        </member>
        <member name="M:Plugin.Sample.Customers.CsMigration.ProfilesSqlContext.GetAddress(System.String)">
            <summary>
            Gets the address.
            </summary>
            <param name="addressId">The address identifier.</param>
            <returns></returns>
        </member>
        <member name="M:Plugin.Sample.Customers.CsMigration.ProfilesSqlContext.GetAllProfileDefinitions">
            <summary>
            Gets all profile definitions.
            </summary>
            <returns>A list of <see cref="T:Plugin.Sample.Customers.CsMigration.ProfileDefinition"/></returns>
        </member>
        <member name="M:Plugin.Sample.Customers.CsMigration.ProfilesSqlContext.GetProfileInfo">
            <summary>
            Gets the profile information.
            </summary>
            <returns>A list of profile information</returns>
        </member>
        <member name="M:Plugin.Sample.Customers.CsMigration.ProfilesSqlContext.GetProfileDefinition(System.String)">
            <summary>
            Gets the profile definition.
            </summary>
            <param name="definitionName">Name of the definition.</param>
            <returns>A <see cref="T:Plugin.Sample.Customers.CsMigration.ProfileDefinition"/></returns>
        </member>
        <member name="T:Plugin.Sample.Customers.CsMigration.CommandsController">
            <summary>
             Defines the commands controller for the carts plugin.
            </summary>
            <seealso cref="T:Sitecore.Commerce.Core.CommerceController" />
        </member>
        <member name="M:Plugin.Sample.Customers.CsMigration.CommandsController.#ctor(System.IServiceProvider,Sitecore.Commerce.Core.CommerceEnvironment)">
            <summary>
            Initializes a new instance of the <see cref="T:Plugin.Sample.Customers.CsMigration.CommandsController"/> class.
            </summary>
            <param name="serviceProvider">The service provider.</param>
            <param name="globalEnvironment">The global environment.</param>
        </member>
        <member name="M:Plugin.Sample.Customers.CsMigration.CommandsController.MigrateCustomers">
            <summary>
            Migrates customers.
            </summary>
            <returns>Migrated CS Customers</returns>
        </member>
        <member name="T:Plugin.Sample.Customers.CsMigration.CustomersCsConstants">
            <summary>
            The CS Customers constants.
            </summary>
        </member>
        <member name="T:Plugin.Sample.Customers.CsMigration.CustomersCsConstants.Pipelines">
            <summary>
            The name of the CS profiles pipelines.
            </summary>
        </member>
        <member name="F:Plugin.Sample.Customers.CsMigration.CustomersCsConstants.Pipelines.GetProfileDefinition">
            <summary>
            The get profile definition
            </summary>
        </member>
        <member name="F:Plugin.Sample.Customers.CsMigration.CustomersCsConstants.Pipelines.MigrateCsCustomer">
            <summary>
            The migrate cs customer
            </summary>
        </member>
        <member name="T:Plugin.Sample.Customers.CsMigration.CustomersCsConstants.Pipelines.Blocks">
            <summary>
            The name of the Profiles Cs pipelines blocks.
            </summary>
        </member>
        <member name="F:Plugin.Sample.Customers.CsMigration.CustomersCsConstants.Pipelines.Blocks.ValidateCustomerBlock">
            <summary>
            The validate customer block
            </summary>
        </member>
        <member name="F:Plugin.Sample.Customers.CsMigration.CustomersCsConstants.Pipelines.Blocks.MapAddressesBlock">
            <summary>
            The map addresses block
            </summary>
        </member>
        <member name="F:Plugin.Sample.Customers.CsMigration.CustomersCsConstants.Pipelines.Blocks.MapCustomerDetailsBlock">
            <summary>
            The map customer details block
            </summary>
        </member>
        <member name="F:Plugin.Sample.Customers.CsMigration.CustomersCsConstants.Pipelines.Blocks.GetProfileDefinitionBlock">
            <summary>
            The get profile definition block
            </summary>
        </member>
        <member name="F:Plugin.Sample.Customers.CsMigration.CustomersCsConstants.Pipelines.Blocks.RegisteredPluginBlock">
            <summary>
            The registered plugin block
            </summary>
        </member>
        <member name="F:Plugin.Sample.Customers.CsMigration.CustomersCsConstants.Pipelines.Blocks.ConfigureServiceApiBlock">
            <summary>
            The configure service API block
            </summary>
        </member>
        <member name="T:Plugin.Sample.Customers.CsMigration.ProfileDefinition">
            <summary>
            A ProfileDefinition Commerce entity
            </summary>
            <seealso cref="T:Sitecore.Commerce.Core.CommerceEntity" />
        </member>
        <member name="M:Plugin.Sample.Customers.CsMigration.ProfileDefinition.#ctor">
            <summary>
            Initializes a new instance of the <see cref="T:Plugin.Sample.Customers.CsMigration.ProfileDefinition"/> class.
            </summary>
        </member>
        <member name="P:Plugin.Sample.Customers.CsMigration.ProfileDefinition.Properties">
            <summary>
            Gets or sets the properties.
            </summary>       
        </member>
        <member name="T:Plugin.Sample.Customers.CsMigration.ProfileProperty">
            <summary>
            A ProfileProperty Commerce entity
            </summary>
            <seealso cref="T:Sitecore.Commerce.Core.CommerceEntity" />
        </member>
        <member name="M:Plugin.Sample.Customers.CsMigration.ProfileProperty.#ctor">
            <summary>
            Initializes a new instance of the <see cref="T:Plugin.Sample.Customers.CsMigration.ProfileProperty"/> class.
            </summary>
        </member>
        <member name="P:Plugin.Sample.Customers.CsMigration.ProfileProperty.GroupName">
            <summary>
            Gets or sets the name of the group.
            </summary>
            <value>
            The name of the group.
            </value>
        </member>
        <member name="P:Plugin.Sample.Customers.CsMigration.ProfileProperty.RawValue">
            <summary>
            Gets or sets the raw value of a property.
            </summary>
            <value>
            The raw value.
            </value>
        </member>
        <member name="P:Plugin.Sample.Customers.CsMigration.ProfileProperty.Value">
            <summary>
            Gets or sets the value of a property.
            </summary>
            <value>
            The value.
            </value>
        </member>
        <member name="P:Plugin.Sample.Customers.CsMigration.ProfileProperty.IsHidden">
            <summary>
            Gets or sets whether the property is hidden in the UX.
            </summary>
            <value>
            The IsHidden value.
            </value>
        </member>
        <member name="P:Plugin.Sample.Customers.CsMigration.ProfileProperty.TypeName">
            <summary>
            Gets or sets the name of the type.
            </summary>
            <value>
            The name of the type.
            </value>
        </member>
        <member name="P:Plugin.Sample.Customers.CsMigration.ProfileProperty.OriginalType">
            <summary>
            Gets or sets the original type of the RawValue.
            </summary>
            <value>
            The OriginalType value.
            </value>
        </member>
        <member name="P:Plugin.Sample.Customers.CsMigration.ProfileProperty.ProfileReference">
            <summary>
            Gets or sets the profile reference.
            </summary>
            <value>
            The profile reference.
            </value>
        </member>
        <member name="P:Plugin.Sample.Customers.CsMigration.ProfileProperty.ColumnName">
            <summary>
            Gets or sets the name of the column.
            </summary>
            <value>
            The name of the column.
            </value>
        </member>
        <member name="P:Plugin.Sample.Customers.CsMigration.ProfileProperty.MaxLength">
            <summary>
            Gets or sets the maximum length.
            </summary>
            <value>
            The maximum length.
            </value>
        </member>
        <member name="P:Plugin.Sample.Customers.CsMigration.ProfileProperty.MinLength">
            <summary>
            Gets or sets the minimum length.
            </summary>
            <value>
            The minimum length.
            </value>
        </member>
        <member name="P:Plugin.Sample.Customers.CsMigration.ProfileProperty.IsReadOnly">
            <summary>
            Gets or sets a value indicating whether this instance is read only.
            </summary>
            <value>
            <c>true</c> if this instance is read only; otherwise, <c>false</c>.
            </value>
        </member>
        <member name="P:Plugin.Sample.Customers.CsMigration.ProfileProperty.IsMultiValued">
            <summary>
            Gets or sets a value indicating whether this instance is multi valued.
            </summary>
            <value>
            <c>true</c> if this instance is multi valued; otherwise, <c>false</c>.
            </value>
        </member>
        <member name="T:Plugin.Sample.Customers.CsMigration.ComponentsHelper">
            <summary>
             A Components Helper to generate Components for Commerce Server Profiles system
            </summary>
        </member>
        <member name="M:Plugin.Sample.Customers.CsMigration.ComponentsHelper.CustomerDetailsGenerator(System.Data.DataRow,Sitecore.Commerce.Plugin.Customers.Customer,Plugin.Sample.Customers.CsMigration.ProfileDefinition,Sitecore.Commerce.Core.CommercePipelineExecutionContext)">
            <summary>
            Customers the details generator.
            </summary>
            <param name="customerData">The customer data.</param>
            <param name="customer">The customer.</param>
            <param name="profileDefinition">The profile definition.</param>
            <param name="context">The context.</param>
            <returns> 
            A <see cref="T:Sitecore.Commerce.Plugin.Customers.Customer" />
            </returns>
        </member>
        <member name="M:Plugin.Sample.Customers.CsMigration.ComponentsHelper.AddressComponentGenerator(System.String,Plugin.Sample.Customers.CsMigration.ProfileDefinition,Sitecore.Commerce.Core.CommercePipelineExecutionContext)">
            <summary>
            Addresses the component generator.
            </summary>
            <param name="addressId">The address identifier.</param>
            <param name="profileDefinition">The profile definition.</param>
            <param name="context">The context.</param>
            <returns>
            A <see cref="T:Sitecore.Commerce.Plugin.Customers.AddressComponent" />
            </returns>
        </member>
        <member name="T:Plugin.Sample.Customers.CsMigration.ConnectionHelper">
            <summary>
            A Connection Helper to access the Commerce Server Profiles system Sql context
            </summary>
        </member>
        <member name="M:Plugin.Sample.Customers.CsMigration.ConnectionHelper.GetProfilesSqlConnectionPolicy(Sitecore.Commerce.Core.CommerceContext)">
            <summary>
            Gets the profiles SQL connection policy.
            </summary>
            <param name="context">The context.</param>
            <returns>
            A <see cref="T:Plugin.Sample.Customers.CsMigration.ProfilesSqlPolicy" />
            </returns>     
        </member>
        <member name="M:Plugin.Sample.Customers.CsMigration.ConnectionHelper.GetProfilesSqlContext(Sitecore.Commerce.Core.CommerceContext)">
            <summary>
            The gets the SQL context in use.
            </summary>
            <param name="context">The context.</param>
            <returns>
            The <see cref="T:Plugin.Sample.Customers.CsMigration.ProfilesSqlContext" />.
            </returns>
        </member>
        <member name="M:Plugin.Sample.Customers.CsMigration.ConnectionHelper.EvaluateSqlException(System.Data.SqlClient.SqlException,System.String)">
            <summary>
            Evaluates the SQL exception.
            </summary>
            <param name="ex">The ex.</param>
            <param name="message">The message.</param>
        </member>
        <member name="T:Plugin.Sample.Customers.CsMigration.GetProfileDefinitionBlock">
            <summary>
            Defines a block which gets a Profile definition.
            </summary>
            <seealso>
               <cref>
                     Sitecore.Framework.Pipelines.PipelineBlock{System.String, 
                     System.Collections.Generic.IEnumerable{Plugin.Sample.Customers.CsMigration.ProfileDefinition}, 
                     Sitecore.Commerce.Core.CommercePipelineExecutionContext}
               </cref>
            </seealso> 
        </member>
        <member name="M:Plugin.Sample.Customers.CsMigration.GetProfileDefinitionBlock.#ctor(Sitecore.Commerce.Core.IGetEnvironmentCachePipeline)">
            <summary>
            Initializes a new instance of the <see cref="T:Plugin.Sample.Customers.CsMigration.GetProfileDefinitionBlock"/> class.
            </summary>
            <param name="cachePipeline">The cache pipeline.</param>
        </member>
        <member name="M:Plugin.Sample.Customers.CsMigration.GetProfileDefinitionBlock.Run(System.String,Sitecore.Commerce.Core.CommercePipelineExecutionContext)">
            <summary>
            The execute.
            </summary>
            <param name="arg">The argument.</param>
            <param name="context">The context.</param>
            <returns>
            The collection of profile definitions <see cref="T:Plugin.Sample.Customers.CsMigration.ProfileDefinition" />.
            </returns>
        </member>
        <member name="T:Plugin.Sample.Customers.CsMigration.MapAddressesBlock">
            <summary>
            Defines a block which maps addresses
            </summary>
            <seealso cref="T:Sitecore.Framework.Pipelines.PipelineBlock`3" />
        </member>
        <member name="M:Plugin.Sample.Customers.CsMigration.MapAddressesBlock.Run(Sitecore.Commerce.Plugin.Customers.Customer,Sitecore.Commerce.Core.CommercePipelineExecutionContext)">
            <summary>
            The execute.
            </summary>
            <param name="arg">The argument.</param>
            <param name="context">The context.</param>
            <returns>
            The <see cref="T:Sitecore.Commerce.Plugin.Customers.Customer" />.
            </returns>
        </member>
        <member name="T:Plugin.Sample.Customers.CsMigration.MapCustomerDetailsBlock">
            <summary>
            Defines a block which maps customer details
            </summary>
            <seealso cref="T:Sitecore.Framework.Pipelines.PipelineBlock`3" />
        </member>
        <member name="M:Plugin.Sample.Customers.CsMigration.MapCustomerDetailsBlock.#ctor(Plugin.Sample.Customers.CsMigration.IGetProfileDefinitionPipeline)">
            <summary>
            Initializes a new instance of the <see cref="T:Plugin.Sample.Customers.CsMigration.MapCustomerDetailsBlock"/> class.
            </summary>
            <param name="getProfileDefinitionPipeline">The get profile definition pipeline.</param>
        </member>
        <member name="M:Plugin.Sample.Customers.CsMigration.MapCustomerDetailsBlock.Run(System.Data.DataRow,Sitecore.Commerce.Core.CommercePipelineExecutionContext)">
            <summary>
            The execute.
            </summary>
            <param name="arg">The argument.</param>
            <param name="context">The context.</param>
            <returns>
            The <see cref="T:Sitecore.Commerce.Plugin.Customers.Customer" />.
            </returns>
        </member>
        <member name="T:Plugin.Sample.Customers.CsMigration.RegisteredPluginBlock">
            <summary>
             Defines the registered plugin block.
            </summary>
            <seealso>
                <cref>
                    Sitecore.Framework.Pipelines.PipelineBlock{System.Collections.Generic.IEnumerable{Sitecore.Commerce.Core.RegisteredPluginModel},
                    System.Collections.Generic.IEnumerable{Sitecore.Commerce.Core.RegisteredPluginModel},
                    Sitecore.Commerce.Core.CommercePipelineExecutionContext}
                </cref>
            </seealso>
        </member>
        <member name="M:Plugin.Sample.Customers.CsMigration.RegisteredPluginBlock.Run(System.Collections.Generic.IEnumerable{Sitecore.Commerce.Core.RegisteredPluginModel},Sitecore.Commerce.Core.CommercePipelineExecutionContext)">
            <summary>
            The run.
            </summary>
            <param name="arg">The argument.</param>
            <param name="context">The context.</param>
            <returns>
            The list of <see cref="T:Sitecore.Commerce.Core.RegisteredPluginModel" />
            </returns>
        </member>
        <member name="T:Plugin.Sample.Customers.CsMigration.ValidateCustomerBlock">
            <summary>
            Defines a block which gets a customer
            </summary>
            <seealso cref="T:Sitecore.Framework.Pipelines.PipelineBlock`3" />
        </member>
        <member name="M:Plugin.Sample.Customers.CsMigration.ValidateCustomerBlock.#ctor(Sitecore.Commerce.Core.IFindEntityPipeline)">
            <summary>
            Initializes a new instance of the <see cref="T:Plugin.Sample.Customers.CsMigration.ValidateCustomerBlock" /> class.
            </summary>
            <param name="findEntityPipeline">The find entity pipeline.</param>
        </member>
        <member name="M:Plugin.Sample.Customers.CsMigration.ValidateCustomerBlock.Run(System.Data.DataRow,Sitecore.Commerce.Core.CommercePipelineExecutionContext)">
            <summary>
            The execute.
            </summary>
            <param name="arg">The argument.</param>
            <param name="context">The context.</param>
            <returns>
            The data row for a customer<see cref="T:System.Data.DataRow" />.
            </returns>
        </member>
        <member name="T:Plugin.Sample.Customers.CsMigration.GetProfileDefinitionPipeline">
            <summary>
            Defines the get profile definition pipeline.
            </summary>  
            <seealso>
                <cref>
                    Sitecore.Commerce.Core.CommercePipeline{System.String,    ///     
                    System.Collections.Generic.IEnumerable{Plugin.Sample.Customers.CsMigration.ProfileDefinition}
                </cref>
            </seealso>
            <seealso cref="T:Plugin.Sample.Customers.CsMigration.IGetProfileDefinitionPipeline" />
        </member>
        <member name="M:Plugin.Sample.Customers.CsMigration.GetProfileDefinitionPipeline.#ctor(Sitecore.Framework.Pipelines.IPipelineConfiguration{Plugin.Sample.Customers.CsMigration.IGetProfileDefinitionPipeline},Microsoft.Extensions.Logging.ILoggerFactory)">
            <summary>
            Initializes a new instance of the <see cref="T:Plugin.Sample.Customers.CsMigration.GetProfileDefinitionPipeline" /> class.
            </summary>
            <param name="configuration">The definition.</param>
            <param name="loggerFactory">The logger factory.</param>
        </member>
        <member name="T:Plugin.Sample.Customers.CsMigration.IGetProfileDefinitionPipeline">
            <summary>
            Defines the get profile definition pipeline interface.
            </summary>   
            <seealso>
                <cref>
                    Sitecore.Framework.Pipelines.IPipeline{System.String,      
                    System.Collections.Generic.IEnumerable{Plugin.Sample.Customers.CsMigration.ProfileDefinition}
                    Sitecore.Commerce.Core.CommercePipelineExecutionContext
                </cref>
            </seealso>
        </member>
        <member name="T:Plugin.Sample.Customers.CsMigration.IMigrateCsCustomerPipeline">
            <summary>
            Defines the find customer pipeline interface.
            </summary>
            <seealso cref="T:Sitecore.Framework.Pipelines.IPipeline`3" />
        </member>
        <member name="T:Plugin.Sample.Customers.CsMigration.MigrateCsCustomerPipeline">
            <summary>
            Defines the create a customer pipeline.
            </summary>
            <seealso>
            <cref>
              Sitecore.Commerce.Core.CommercePipeline{Sitecore.Commerce.Plugin.Customers.Customer, 
              Sitecore.Commerce.Plugin.Customers.Customer}
            </cref>
            </seealso> 
            <seealso cref="T:Plugin.Sample.Customers.CsMigration.IMigrateCsCustomerPipeline" />
        </member>
        <member name="M:Plugin.Sample.Customers.CsMigration.MigrateCsCustomerPipeline.#ctor(Sitecore.Framework.Pipelines.IPipelineConfiguration{Plugin.Sample.Customers.CsMigration.IMigrateCsCustomerPipeline},Microsoft.Extensions.Logging.ILoggerFactory)">
            <summary>
            Initializes a new instance of the <see cref="T:Plugin.Sample.Customers.CsMigration.MigrateCsCustomerPipeline" /> class.
            </summary>
            <param name="configuration">The definition.</param>
            <param name="loggerFactory">The logger factory.</param>
        </member>
        <member name="T:Plugin.Sample.Customers.CsMigration.ProfilePropertiesMappingPolicy">
            <summary>
            Defines a Profile properties mapping policy
            </summary>
            <seealso cref="T:Sitecore.Commerce.Core.Policy" />
        </member>
        <member name="M:Plugin.Sample.Customers.CsMigration.ProfilePropertiesMappingPolicy.#ctor">
            <summary>
            Initializes a new instance of the <see cref="T:Plugin.Sample.Customers.CsMigration.ProfilePropertiesMappingPolicy"/> class.
            </summary>
        </member>
        <member name="P:Plugin.Sample.Customers.CsMigration.ProfilePropertiesMappingPolicy.UserProperties">
            <summary>
            Gets or sets the user properties.
            </summary>
            <value>
            The user properties.
            </value>
        </member>
        <member name="P:Plugin.Sample.Customers.CsMigration.ProfilePropertiesMappingPolicy.AddressProperties">
            <summary>
            Gets or sets the address properties.
            </summary>
            <value>
            The address properties.
            </value>
        </member>
        <member name="T:Plugin.Sample.Customers.CsMigration.ProfilePropertiesPolicy">
            <summary>
            A ProfilesCs properties policy
            </summary>
            <seealso cref="T:Sitecore.Commerce.Core.Policy" />
        </member>
        <member name="M:Plugin.Sample.Customers.CsMigration.ProfilePropertiesPolicy.#ctor">
            <summary>
            Initializes a new instance of the <see cref="T:Plugin.Sample.Customers.CsMigration.ProfilePropertiesPolicy"/> class.
            </summary>
        </member>
        <member name="P:Plugin.Sample.Customers.CsMigration.ProfilePropertiesPolicy.AddressType">
            <summary>
            Gets or sets the type of the address.
            </summary>
            <value>
            The type of the address.
            </value>
        </member>
        <member name="P:Plugin.Sample.Customers.CsMigration.ProfilePropertiesPolicy.UserObjectType">
            <summary>
            Gets or sets the type of the user object.
            </summary>
            <value>
            The type of the user object.
            </value>
        </member>
        <member name="P:Plugin.Sample.Customers.CsMigration.ProfilePropertiesPolicy.UserIdProperty">
            <summary>
            Gets or sets the user identifier property.
            </summary>
            <value>
            The user identifier property.
            </value>
        </member>
        <member name="P:Plugin.Sample.Customers.CsMigration.ProfilePropertiesPolicy.AccountStatusProperty">
            <summary>
            Gets or sets the account status property.
            </summary>
            <value>
            The account status property.
            </value>
        </member>
        <member name="P:Plugin.Sample.Customers.CsMigration.ProfilePropertiesPolicy.PasswordProperty">
            <summary>
            Gets or sets the password property.
            </summary>
            <value>
            The password property.
            </value>
        </member>
        <member name="P:Plugin.Sample.Customers.CsMigration.ProfilePropertiesPolicy.AccountNumber">
            <summary>
            Gets or sets the account number.
            </summary>
            <value>
            The account number.
            </value>
        </member>
        <member name="T:Plugin.Sample.Customers.CsMigration.ProfilesCsCachePolicy">
            <summary>
            Defines the cs profiles cache policy
            </summary>
            <seealso cref="T:Sitecore.Commerce.Core.CachePolicy" />
        </member>
        <member name="M:Plugin.Sample.Customers.CsMigration.ProfilesCsCachePolicy.#ctor">
            <summary>
            Initializes a new instance of the <see cref="T:Plugin.Sample.Customers.CsMigration.ProfilesCsCachePolicy"/> class.
            </summary>
        </member>
        <member name="T:Plugin.Sample.Customers.CsMigration.ProfilesSqlPolicy">
            <summary>
            A class used to establish the connection policy to the Commerce Profiles and tables
            </summary>
            <seealso cref="T:Sitecore.Commerce.Core.Policy" />
        </member>
        <member name="M:Plugin.Sample.Customers.CsMigration.ProfilesSqlPolicy.#ctor">
            <summary>
            Initializes a new instance of the <see cref="T:Plugin.Sample.Customers.CsMigration.ProfilesSqlPolicy"/> class.
            </summary>
        </member>
        <member name="F:Plugin.Sample.Customers.CsMigration.ProfilesSqlPolicy._connectionString">
            <summary>
            The _connection.
            </summary>
        </member>
        <member name="P:Plugin.Sample.Customers.CsMigration.ProfilesSqlPolicy.TrustedConnection">
            <summary>
            Gets or sets a value indicating to use a trusted connection
            </summary>
        </member>
        <member name="P:Plugin.Sample.Customers.CsMigration.ProfilesSqlPolicy.UserName">
            <summary>
            Gets or sets the UserName.
            </summary>
        </member>
        <member name="P:Plugin.Sample.Customers.CsMigration.ProfilesSqlPolicy.Password">
            <summary>
            Gets or sets the password.
            </summary>
        </member>
        <member name="P:Plugin.Sample.Customers.CsMigration.ProfilesSqlPolicy.Server">
            <summary>
            Gets or sets the Server name.
            </summary>
        </member>
        <member name="P:Plugin.Sample.Customers.CsMigration.ProfilesSqlPolicy.Database">
            <summary>
            Gets or sets the Database name.
            </summary>
        </member>
        <member name="P:Plugin.Sample.Customers.CsMigration.ProfilesSqlPolicy.AdditionalParameters">
            <summary>
            Additional ConnectionString Parameters
            </summary>
        </member>
        <member name="P:Plugin.Sample.Customers.CsMigration.ProfilesSqlPolicy.ConnectTimeout">
            <summary>
            Connection Timeout (1000)
            </summary>
        </member>
        <member name="M:Plugin.Sample.Customers.CsMigration.ProfilesSqlPolicy.ConnectionString(Sitecore.Commerce.Core.CommerceContext)">
            <summary>
            Generates a SQL Connection String based on the policy.
            </summary>
            <param name="context">
            The calling context.
            </param>
            <returns>
            The <see cref="T:System.String"/>.
            </returns>
        </member>
    </members>
</doc>
