<?xml version="1.0"?>
<doc>
    <assembly>
        <name>Plugin.Sample.Upgrade</name>
    </assembly>
    <members>
        <member name="T:Plugin.Sample.Upgrade.MigrateEnvironmentCommand">
            <summary>
            Defines a get user site terms command
            </summary>
            <seealso cref="T:Sitecore.Commerce.Core.Commands.CommerceCommand" />
        </member>
        <member name="M:Plugin.Sample.Upgrade.MigrateEnvironmentCommand.#ctor(Plugin.Sample.Upgrade.IMigrateEnvironmentPipeline,Sitecore.Commerce.Core.IFindEntityPipeline,System.IServiceProvider)">
            <summary>
            Initializes a new instance of the <see cref="T:Plugin.Sample.Upgrade.MigrateEnvironmentCommand" /> class.
            </summary>
            <param name="migrateEnvironmentPipeline">The migrate environment pipeline.</param>
            <param name="findEntityPipeline">The find entity pipeline.</param>
            <param name="serviceProvider">The service provider.</param>
        </member>
        <member name="M:Plugin.Sample.Upgrade.MigrateEnvironmentCommand.Process(Sitecore.Commerce.Core.CommerceContext,System.String,System.String,System.Guid)">
            <summary>
            Processes the specified commerce context.
            </summary>
            <param name="commerceContext">The commerce context.</param>
            <param name="sourceEnvironmentName">Name of the source environment.</param>
            <param name="newEnvironmentName">New name of the environment.</param>
            <param name="newArtifactStoreId">The new artifact store identifier.</param>
            <returns>
            User site terms
            </returns>
        </member>
        <member name="T:Plugin.Sample.Upgrade.ConfigureOpsServiceApiBlock">
            <summary>
            Defines a block which configures the OData model for the plugin
            </summary>
            <seealso>
                <cref>
                    Sitecore.Framework.Pipelines.PipelineBlock{Microsoft.AspNetCore.OData.Builder.ODataConventionModelBuilder,
                    Microsoft.AspNetCore.OData.Builder.ODataConventionModelBuilder,
                    Sitecore.Commerce.Core.CommercePipelineExecutionContext}
                </cref>
            </seealso>
        </member>
        <member name="M:Plugin.Sample.Upgrade.ConfigureOpsServiceApiBlock.Run(Microsoft.AspNetCore.OData.Builder.ODataConventionModelBuilder,Sitecore.Commerce.Core.CommercePipelineExecutionContext)">
            <summary>
            The execute.
            </summary>
            <param name="modelBuilder">The argument.</param>
            <param name="context">The context.</param>
            <returns>
            The <see cref="T:Microsoft.AspNetCore.OData.Builder.ODataConventionModelBuilder" />.
            </returns>
        </member>
        <member name="T:Plugin.Sample.Upgrade.ConfigureSitecore">
            <summary>
            The Habitat configure class.
            </summary>
            <seealso cref="T:Sitecore.Framework.Configuration.IConfigureSitecore" />
        </member>
        <member name="M:Plugin.Sample.Upgrade.ConfigureSitecore.ConfigureServices(Microsoft.Extensions.DependencyInjection.IServiceCollection)">
            <summary>
            The configure services.
            </summary>
            <param name="services">
            The services.
            </param>
        </member>
        <member name="T:Plugin.Sample.Upgrade.CommandsController">
            <summary>
             Defines the commands controller for the upgrade plugin.
            </summary>
            <seealso cref="T:Sitecore.Commerce.Core.CommerceController" />
        </member>
        <member name="M:Plugin.Sample.Upgrade.CommandsController.#ctor(System.IServiceProvider,Sitecore.Commerce.Core.CommerceEnvironment)">
            <summary>
            Initializes a new instance of the <see cref="T:Plugin.Sample.Upgrade.CommandsController"/> class.
            </summary>
            <param name="serviceProvider">The service provider.</param>
            <param name="globalEnvironment">The global environment.</param>
        </member>
        <member name="M:Plugin.Sample.Upgrade.CommandsController.MigrateEnvironment(System.Web.Http.OData.ODataActionParameters)">
            <summary>
            Migrate environment.
            </summary>
            <param name="value">The value.</param>
            <returns>
            'True' if succeeded, otherwise 'false'
            </returns>
        </member>
        <member name="T:Plugin.Sample.Upgrade.ArtifactStore">
            <summary>
            Defines the ArtifactStore module 
            </summary>
            <seealso cref="T:Sitecore.Commerce.Core.Model" />
        </member>
        <member name="M:Plugin.Sample.Upgrade.ArtifactStore.#ctor(System.String)">
            <summary>
            Initializes a new instance of the <see cref="T:Plugin.Sample.Upgrade.ArtifactStore"/> class.
            </summary>
            <param name="artifactStoreId">The artifact store identifier.</param>
        </member>
        <member name="P:Plugin.Sample.Upgrade.ArtifactStore.ArtifactStoreId">
            <summary>
            Gets or sets the artifact store identifier.
            </summary>
            <value>
            The artifact store identifier.
            </value>
        </member>
        <member name="T:Plugin.Sample.Upgrade.MigrateEnvironmentArgument">
            <summary>
            Defines the migrate environment argument
            </summary>
            <seealso cref="T:Sitecore.Commerce.Core.PipelineArgument" />
        </member>
        <member name="M:Plugin.Sample.Upgrade.MigrateEnvironmentArgument.#ctor(Sitecore.Commerce.Core.CommerceEnvironment,System.Guid,System.String)">
            <summary>
            Initializes a new instance of the <see cref="T:Plugin.Sample.Upgrade.MigrateEnvironmentArgument" /> class.
            </summary>
            <param name="sourceEnvironment">The source environment.</param>
            <param name="newArtifactStoreId">The new artifact store identifier.</param>
            <param name="newEnvironmentName">New name of the environment.</param>
        </member>
        <member name="P:Plugin.Sample.Upgrade.MigrateEnvironmentArgument.SourceEnvironment">
            <summary>
            Gets or sets the source environment.
            </summary>
            <value>
            The source environment.
            </value>
        </member>
        <member name="P:Plugin.Sample.Upgrade.MigrateEnvironmentArgument.NewArtifactStoreId">
            <summary>
            Gets or sets the new artifact store identifier.
            </summary>
            <value>
            The new artifact store identifier.
            </value>
        </member>
        <member name="P:Plugin.Sample.Upgrade.MigrateEnvironmentArgument.NewEnvironmentName">
            <summary>
            Gets or sets the new name of the environment.
            </summary>
            <value>
            The new name of the new environment.
            </value>
        </member>
        <member name="T:Plugin.Sample.Upgrade.MigrateListArgument">
            <summary>
            Defines the migrate list argument
            </summary>
            <seealso cref="T:Sitecore.Commerce.Core.PipelineArgument" />
        </member>
        <member name="M:Plugin.Sample.Upgrade.MigrateListArgument.#ctor(System.String)">
            <summary>
            Initializes a new instance of the <see cref="T:Plugin.Sample.Upgrade.MigrateListArgument" /> class.
            </summary>
            <param name="listName">Name of the list.</param>
        </member>
        <member name="P:Plugin.Sample.Upgrade.MigrateListArgument.ListName">
            <summary>
            Gets or sets the name of the list.
            </summary>
            <value>
            The name of the list.
            </value>
        </member>
        <member name="P:Plugin.Sample.Upgrade.MigrateListArgument.MaxCount">
            <summary>
            Gets or sets the maximum count to migrate.
            </summary>
            <value>
            The maximum count to migrate.
            </value>
        </member>
        <member name="T:Plugin.Sample.Upgrade.FinalizeEnvironmentMigrationBlock">
            <summary>
            Defines a block which finalize the environment migration
            </summary>
            <seealso>
                <cref>
                    Sitecore.Framework.Pipelines.PipelineBlock{Sitecore.Commerce.Core.CommerceEnvironment, System.Boolean,
                    Sitecore.Commerce.Core.CommercePipelineExecutionContext}
                </cref>
            </seealso>
        </member>
        <member name="M:Plugin.Sample.Upgrade.FinalizeEnvironmentMigrationBlock.Run(Sitecore.Commerce.Core.CommerceEnvironment,Sitecore.Commerce.Core.CommercePipelineExecutionContext)">
            <summary>
            Runs the specified argument.
            </summary>
            <param name="arg">The argument.</param>
            <param name="context">The context.</param>
            <returns>A <see cref="T:Sitecore.Commerce.Core.PersistEntityArgument"/></returns>
        </member>
        <member name="T:Plugin.Sample.Upgrade.GetSourceEntityBlock">
            <summary>
            Defines the get source entity block.
            </summary>
            <seealso>
                <cref>
                    Sitecore.Commerce.Core.PipelineBlock{ Sitecore.Commerce.Core.FindEntityArgument,
                    Sitecore.Commerce.Core.CommerceEntity, Sitecore.Commerce.Core.CommercePipelineExecutionContext}
                </cref>
            </seealso>
        </member>
        <member name="M:Plugin.Sample.Upgrade.GetSourceEntityBlock.#ctor(Sitecore.Commerce.Core.IEntityMigrationPipeline)">
            <summary>
            Initializes a new instance of the <see cref="T:Plugin.Sample.Upgrade.GetSourceEntityBlock" /> class.
            </summary>
            <param name="entityMigrationPipeline">The entity migration pipeline.</param>
        </member>
        <member name="M:Plugin.Sample.Upgrade.GetSourceEntityBlock.Run(Sitecore.Commerce.Core.FindEntityArgument,Sitecore.Commerce.Core.CommercePipelineExecutionContext)">
            <summary>
            Runs the specified argument.
            </summary>
            <param name="arg">The argument.</param>
            <param name="context">The context.</param>
            <returns></returns>
        </member>
        <member name="T:Plugin.Sample.Upgrade.GetSourceEnvironmentBlock">
            <summary>
            Defines the get source environment block.
            </summary>
            <seealso>
                <cref>
                    Sitecore.Commerce.Core.PipelineBlock{Plugin.Sample.Upgrade.MigrateEnvironmentArgument,
                    Sitecore.Commerce.Core.CommerceEnvironment, Sitecore.Commerce.Core.CommercePipelineExecutionContext}
                </cref>
            </seealso>
        </member>
        <member name="M:Plugin.Sample.Upgrade.GetSourceEnvironmentBlock.#ctor(Sitecore.Commerce.Core.IEntityMigrationPipeline)">
            <summary>
            Initializes a new instance of the <see cref="T:Plugin.Sample.Upgrade.GetSourceEnvironmentBlock" /> class.
            </summary>
            <param name="entityMigrationPipeline">The entity migration pipeline.</param>
        </member>
        <member name="M:Plugin.Sample.Upgrade.GetSourceEnvironmentBlock.Run(Plugin.Sample.Upgrade.MigrateEnvironmentArgument,Sitecore.Commerce.Core.CommercePipelineExecutionContext)">
            <summary>
            Runs the specified argument.
            </summary>
            <param name="arg">The argument.</param>
            <param name="context">The context.</param>
            <returns></returns>
        </member>
        <member name="T:Plugin.Sample.Upgrade.GetTargetEntityBlock">
            <summary>
            Defines the get target entity block.
            </summary>
            <seealso>
                <cref>
                    Sitecore.Commerce.Core.PipelineBlock{ Sitecore.Commerce.Core.FindEntityArgument,
                    Sitecore.Commerce.Core.FindEntityArgument, Sitecore.Commerce.Core.CommercePipelineExecutionContext}
                </cref>
            </seealso>
        </member>
        <member name="M:Plugin.Sample.Upgrade.GetTargetEntityBlock.#ctor(Sitecore.Commerce.Core.Commands.FindEntityCommand)">
            <summary>
            Initializes a new instance of the <see cref="T:Plugin.Sample.Upgrade.GetTargetEntityBlock" /> class.
            </summary>
            <param name="findEntityCommand">The find entity command.</param>
        </member>
        <member name="M:Plugin.Sample.Upgrade.GetTargetEntityBlock.Run(Sitecore.Commerce.Core.FindEntityArgument,Sitecore.Commerce.Core.CommercePipelineExecutionContext)">
            <summary>
            Runs the specified argument.
            </summary>
            <param name="arg">The argument.</param>
            <param name="context">The context.</param>
            <returns></returns>
        </member>
        <member name="T:Plugin.Sample.Upgrade.InjectEnvironmentPoliciesBlock">
            <summary>
            Defines the inject environment policies block.
            </summary>
            <seealso>
                <cref>
                    Sitecore.Commerce.Core.PipelineBlock{Sitecore.Commerce.Core.CommerceEnvironment,
                    Sitecore.Commerce.Core.CommerceEnvironment, Sitecore.Commerce.Core.CommercePipelineExecutionContext}
                </cref>
            </seealso>
        </member>
        <member name="M:Plugin.Sample.Upgrade.InjectEnvironmentPoliciesBlock.Run(Sitecore.Commerce.Core.CommerceEnvironment,Sitecore.Commerce.Core.CommercePipelineExecutionContext)">
            <summary>
            Runs the specified argument.
            </summary>
            <param name="arg">The argument.</param>
            <param name="context">The context.</param>
            <returns></returns>
        </member>
        <member name="T:Plugin.Sample.Upgrade.MigrateGiftCardBlock">
            <summary>
            Defines the get source entity block.
            </summary>
            <seealso>
                <cref>
                    Sitecore.Commerce.Core.PipelineBlock{ Sitecore.Commerce.Core.CommerceEntity,
                    Sitecore.Commerce.Core.CommerceEntity, Sitecore.Commerce.Core.CommercePipelineExecutionContext}
                </cref>
            </seealso>
        </member>
        <member name="M:Plugin.Sample.Upgrade.MigrateGiftCardBlock.#ctor(Sitecore.Commerce.Core.IPersistEntityPipeline)">
            <summary>
            Initializes a new instance of the <see cref="T:Plugin.Sample.Upgrade.MigrateGiftCardBlock"/> class.
            </summary>
            <param name="persistEntityPipeline">The persist entity pipeline.</param>
        </member>
        <member name="M:Plugin.Sample.Upgrade.MigrateGiftCardBlock.Run(Sitecore.Commerce.Core.CommerceEntity,Sitecore.Commerce.Core.CommercePipelineExecutionContext)">
            <summary>
            Runs the specified argument.
            </summary>
            <param name="arg">The argument.</param>
            <param name="context">The context.</param>
            <returns></returns>
        </member>
        <member name="T:Plugin.Sample.Upgrade.MigrateJournalEntryBlock">
            <summary>
            Defines the migrate JournalEntry block.
            </summary>
            <seealso>
                <cref>
                    Sitecore.Commerce.Core.PipelineBlock{ Sitecore.Commerce.Core.CommerceEntity,
                    Sitecore.Commerce.Core.CommerceEntity, Sitecore.Commerce.Core.CommercePipelineExecutionContext}
                </cref>
            </seealso>
        </member>
        <member name="M:Plugin.Sample.Upgrade.MigrateJournalEntryBlock.#ctor(Sitecore.Commerce.Core.IEntityMigrationPipeline)">
            <summary>
            Initializes a new instance of the <see cref="T:Plugin.Sample.Upgrade.MigrateJournalEntryBlock" /> class.
            </summary>
            <param name="entityMigrationPipeline">The entity migration pipeline.</param>
        </member>
        <member name="M:Plugin.Sample.Upgrade.MigrateJournalEntryBlock.Run(Sitecore.Commerce.Core.CommerceEntity,Sitecore.Commerce.Core.CommercePipelineExecutionContext)">
            <summary>
            Runs the specified argument.
            </summary>
            <param name="arg">The argument.</param>
            <param name="context">The context.</param>
            <returns></returns>
        </member>
        <member name="T:Plugin.Sample.Upgrade.MigrateListBlock">
            <summary>
            Defines the get course environment block.
            </summary>
            <seealso>
                <cref>
                    Sitecore.Commerce.Core.PipelineBlock{Plugin.Sample.Upgrade.MigrateListArgument,
                    System.Boolean, Sitecore.Commerce.Core.CommercePipelineExecutionContext}
                </cref>
            </seealso>
        </member>
        <member name="M:Plugin.Sample.Upgrade.MigrateListBlock.#ctor(Sitecore.Commerce.Core.IFindEntitiesInListPipeline,Plugin.Sample.Upgrade.IMigrateEntityMetadataPipeline,Sitecore.Commerce.Plugin.SQL.GetListCountCommand)">
            <summary>
            Initializes a new instance of the <see cref="T:Plugin.Sample.Upgrade.GetSourceEnvironmentBlock" /> class.
            </summary>
            <param name="findEntitiesInListPipeline">The find entities in list pipeline.</param>
            <param name="migrateEntityMetadataPipeline">The migrate entity metadata pipeline.</param>
            <param name="getListCountCommand">The get list count command.</param>
        </member>
        <member name="M:Plugin.Sample.Upgrade.MigrateListBlock.Run(Plugin.Sample.Upgrade.MigrateListArgument,Sitecore.Commerce.Core.CommercePipelineExecutionContext)">
            <summary>
            Runs the specified argument.
            </summary>
            <param name="arg">The argument.</param>
            <param name="context">The context.</param>
            <returns></returns>
        </member>
        <member name="T:Plugin.Sample.Upgrade.MigrateListsBlock">
            <summary>
            Defines the get course environment block.
            </summary>
            <seealso>
              <cref>
                Sitecore.Commerce.Core.PipelineBlock{Sitecore.Commerce.Core.CommerceEnvironment,
                Sitecore.Commerce.Core.CommerceEnvironment, Sitecore.Commerce.Core.CommercePipelineExecutionContext}
              </cref>
            </seealso>
        </member>
        <member name="M:Plugin.Sample.Upgrade.MigrateListsBlock.#ctor(Sitecore.Commerce.Core.IGetListsNamesPipeline,Plugin.Sample.Upgrade.IMigrateListPipeline,Sitecore.Commerce.Core.IStartEnvironmentPipeline)">
            <summary>
            Initializes a new instance of the <see cref="T:Plugin.Sample.Upgrade.MigrateListsBlock" /> class.
            </summary>
            <param name="getListsNamesPipeline">The get lists names pipeline.</param>
            <param name="migrateListPipeline">The migrate list pipeline.</param>
            <param name="startEnvironmentPipeline">The start environment pipeline.</param>
        </member>
        <member name="M:Plugin.Sample.Upgrade.MigrateListsBlock.Run(Sitecore.Commerce.Core.CommerceEnvironment,Sitecore.Commerce.Core.CommercePipelineExecutionContext)">
            <summary>
            Runs the specified argument.
            </summary>
            <param name="arg">The argument.</param>
            <param name="context">The context.</param>
            <returns>Migrated environment</returns>
        </member>
        <member name="T:Plugin.Sample.Upgrade.MigrateOrderEntityBlock">
            <summary>
            Defines the get source entity block.
            </summary>
            <seealso>
                <cref>
                    Sitecore.Commerce.Core.PipelineBlock{ Sitecore.Commerce.Core.CommerceEntity,
                    Sitecore.Commerce.Core.CommerceEntity, Sitecore.Commerce.Core.CommercePipelineExecutionContext}
                </cref>
            </seealso>
        </member>
        <member name="M:Plugin.Sample.Upgrade.MigrateOrderEntityBlock.#ctor(Sitecore.Commerce.Core.Commands.FindEntityCommand,Sitecore.Commerce.Core.IPersistEntityPipeline)">
            <summary>
            Initializes a new instance of the <see cref="T:Plugin.Sample.Upgrade.MigrateOrderEntityBlock" /> class.
            </summary>
            <param name="findEntityCommand">The find entity command.</param>
            <param name="persistEntityPipeline">The persist entity pipeline.</param>
        </member>
        <member name="M:Plugin.Sample.Upgrade.MigrateOrderEntityBlock.Run(Sitecore.Commerce.Core.CommerceEntity,Sitecore.Commerce.Core.CommercePipelineExecutionContext)">
            <summary>
            Runs the specified argument.
            </summary>
            <param name="arg">The argument.</param>
            <param name="context">The context.</param>
            <returns></returns>
        </member>
        <member name="T:Plugin.Sample.Upgrade.MigrateSellableItemBlock">
            <summary>
            Defines the get source entity block.
            </summary>
            <seealso>
                <cref>
                    Sitecore.Commerce.Core.PipelineBlock{ Sitecore.Commerce.Core.CommerceEntity,
                    Sitecore.Commerce.Core.CommerceEntity, Sitecore.Commerce.Core.CommercePipelineExecutionContext}
                </cref>
            </seealso>
        </member>
        <member name="M:Plugin.Sample.Upgrade.MigrateSellableItemBlock.#ctor(Sitecore.Commerce.Core.Commands.FindEntityCommand)">
            <summary>
            Initializes a new instance of the <see cref="T:Plugin.Sample.Upgrade.MigrateSellableItemBlock"/> class.
            </summary>
            <param name="findEntityCommand">The find entity command.</param>
        </member>
        <member name="M:Plugin.Sample.Upgrade.MigrateSellableItemBlock.Run(Sitecore.Commerce.Core.CommerceEntity,Sitecore.Commerce.Core.CommercePipelineExecutionContext)">
            <summary>
            Runs the specified argument.
            </summary>
            <param name="arg">The argument.</param>
            <param name="context">The context.</param>
            <returns></returns>
        </member>
        <member name="T:Plugin.Sample.Upgrade.PatchEnvironmentJsonBlock">
            <summary>
            Defines the patch environment Json block
            </summary>
            <seealso>
                <cref>
                    Sitecore.Commerce.Core.ConditionalPipelineBlock{Sitecore.Commerce.Core.FindEntityArgument, Sitecore.Commerce.Core.FindEntityArgument,
                    Sitecore.Commerce.Core.CommercePipelineExecutionContext}
                </cref>
            </seealso>   
        </member>
        <member name="M:Plugin.Sample.Upgrade.PatchEnvironmentJsonBlock.Run(Sitecore.Commerce.Core.FindEntityArgument,Sitecore.Commerce.Core.CommercePipelineExecutionContext)">
            <summary>
            Runs the specified argument.
            </summary>
            <param name="arg">The argument.</param>
            <param name="context">The context.</param>
            <returns>A string</returns>
        </member>
        <member name="M:Plugin.Sample.Upgrade.PatchEnvironmentJsonBlock.MigrateEntity(System.String,Sitecore.Commerce.Core.CommerceContext)">
            <summary>
            Migrates the entity.
            </summary>
            <param name="entity">The entity.</param>
            <param name="context">The context.</param>
            <returns>Upgraded entity json</returns>
        </member>
        <member name="M:Plugin.Sample.Upgrade.PatchEnvironmentJsonBlock.UpgradeObsoleteTokens(Newtonsoft.Json.Linq.JToken,Sitecore.Commerce.Core.CommerceContext)">
            <summary>
            Upgrades the obsolete tokens.
            </summary>
            <param name="token">The token.</param>
            <param name="context">The context.</param>
        </member>
        <member name="M:Plugin.Sample.Upgrade.PatchEnvironmentJsonBlock.FindTokens(Newtonsoft.Json.Linq.JToken,Sitecore.Commerce.Core.CommerceContext)">
            <summary>
            Finds the obsolete tokens.
            </summary>
            <param name="containerToken">The container token.</param>
            <param name="context">The context.</param>
        </member>
        <member name="T:Plugin.Sample.Upgrade.PersistMigratedEntityBlock">
            <summary>
            Defines the get source entity block.
            </summary>
            <seealso>
                <cref>
                    Sitecore.Commerce.Core.PipelineBlock{ Sitecore.Commerce.Core.CommerceEntity,
                    Sitecore.Commerce.Core.CommerceEntity, Sitecore.Commerce.Core.CommercePipelineExecutionContext}
                </cref>
            </seealso>
        </member>
        <member name="M:Plugin.Sample.Upgrade.PersistMigratedEntityBlock.#ctor(Sitecore.Commerce.Core.IPersistEntityPipeline)">
            <summary>
            Initializes a new instance of the <see cref="T:Plugin.Sample.Upgrade.GetSourceEntityBlock" /> class.
            </summary>
            <param name="persistEntityPipeline">The persist entity pipeline.</param>
        </member>
        <member name="M:Plugin.Sample.Upgrade.PersistMigratedEntityBlock.Run(Sitecore.Commerce.Core.CommerceEntity,Sitecore.Commerce.Core.CommercePipelineExecutionContext)">
            <summary>
            Runs the specified argument.
            </summary>
            <param name="arg">The argument.</param>
            <param name="context">The context.</param>
            <returns></returns>
        </member>
        <member name="T:Plugin.Sample.Upgrade.SetEntityListMembershipsBlock">
            <summary>
            Defines the set CommerceEntity list memberships block.
            </summary>
            <seealso>
                <cref>
                    Sitecore.Framework.Pipelines.PipelineBlock{Sitecore.Commerce.Core.CommerceEntity,
                    Sitecore.Commerce.Core.CommerceEntity, Sitecore.Commerce.Core.CommercePipelineExecutionContext}
                </cref>
            </seealso>
        </member>
        <member name="M:Plugin.Sample.Upgrade.SetEntityListMembershipsBlock.Run(Sitecore.Commerce.Core.CommerceEntity,Sitecore.Commerce.Core.CommercePipelineExecutionContext)">
            <summary>
            Runs the specified argument.
            </summary>
            <param name="arg">The argument.</param>
            <param name="context">The context.</param>
            <returns>A <see cref="T:Sitecore.Commerce.Core.CommerceEntity"/></returns>
        </member>
        <member name="T:Plugin.Sample.Upgrade.IMigrateEntityMetadataPipeline">
            <summary>
            Defines the upgrade environment metadata pipeline interface.
            </summary>
            <seealso>
                <cref>
                    Sitecore.Framework.Pipelines.IPipeline{Sitecore.Commerce.Core.FindEntityArgument,      
                    Sitecore.Commerce.Core.CommerceEntity,
                    Sitecore.Commerce.Core.CommercePipelineExecutionContext
                </cref>
            </seealso>
        </member>
        <member name="T:Plugin.Sample.Upgrade.IMigrateEnvironmentMetadataPipeline">
            <summary>
            Defines the upgrade environment metadata pipeline interface.
            </summary>
            <seealso>
                <cref>
                    Sitecore.Framework.Pipelines.IPipeline{Plugin.Sample.Upgrade.MigrateEnvironmentArgument,      
                    Sitecore.Commerce.Core.CommerceEnvironment,
                    Sitecore.Commerce.Core.CommercePipelineExecutionContext
                </cref>
            </seealso>
        </member>
        <member name="T:Plugin.Sample.Upgrade.IMigrateEnvironmentPipeline">
            <summary>
            Defines the migrate environment pipeline interface.
            </summary>
            <seealso>
                <cref>
                    Sitecore.Framework.Pipelines.IPipeline{Plugin.Sample.Upgrade.MigrateEnvironmentArgument,      
                    System.Boolean,
                    Sitecore.Commerce.Core.CommercePipelineExecutionContext
                </cref>
            </seealso>
        </member>
        <member name="T:Plugin.Sample.Upgrade.IMigrateListPipeline">
            <summary>
            Defines the migrate environment pipeline interface.
            </summary>
            <seealso>
                <cref>
                    Sitecore.Framework.Pipelines.IPipeline{Plugin.Sample.Upgrade.MigrateListArgument,      
                    System.Boolean,
                    Sitecore.Commerce.Core.CommercePipelineExecutionContext
                </cref>
            </seealso>
        </member>
        <member name="T:Plugin.Sample.Upgrade.MigrateEntityMetadataPipeline">
            <summary>
            Defines the migrate entity metadata pipeline.
            </summary>
            <seealso>
              <cref>
            Sitecore.Commerce.Core.CommercePipeline{Sitecore.Commerce.Core.FindEntityArgument,
            Sitecore.Commerce.Core.CommerceEntity
            </cref>
            </seealso>
            <seealso cref="T:Plugin.Sample.Upgrade.IMigrateEntityMetadataPipeline" />
        </member>
        <member name="M:Plugin.Sample.Upgrade.MigrateEntityMetadataPipeline.#ctor(Sitecore.Framework.Pipelines.IPipelineConfiguration{Plugin.Sample.Upgrade.IMigrateEntityMetadataPipeline},Microsoft.Extensions.Logging.ILoggerFactory)">
            <summary>
            Initializes a new instance of the <see cref="T:Plugin.Sample.Upgrade.MigrateEntityMetadataPipeline" /> class.
            </summary>
            <param name="configuration">The definition.</param>
            <param name="loggerFactory">The logger factory.</param>
        </member>
        <member name="T:Plugin.Sample.Upgrade.MigrateEnvironmentMetadataPipeline">
            <summary>
            Defines the upgrade environment metadata pipeline.
            </summary>    
            <seealso>
              <cref>
            Sitecore.Commerce.Core.CommercePipeline{Plugin.Sample.Upgrade.MigrateEnvironmentArgument,
            Sitecore.Commerce.Core.CommerceEnvironment}
            </cref>
            </seealso>
            <seealso cref="T:Plugin.Sample.Upgrade.IMigrateEnvironmentMetadataPipeline" />
        </member>
        <member name="M:Plugin.Sample.Upgrade.MigrateEnvironmentMetadataPipeline.#ctor(Sitecore.Framework.Pipelines.IPipelineConfiguration{Plugin.Sample.Upgrade.IMigrateEnvironmentMetadataPipeline},Microsoft.Extensions.Logging.ILoggerFactory)">
            <summary>
            Initializes a new instance of the <see cref="T:Plugin.Sample.Upgrade.MigrateEnvironmentMetadataPipeline" /> class.
            </summary>
            <param name="configuration">The definition.</param>
            <param name="loggerFactory">The logger factory.</param>
        </member>
        <member name="T:Plugin.Sample.Upgrade.MigrateEnvironmentPipeline">
            <summary>
            Defines the migrate an environment pipeline.
            </summary>    
            <seealso>
              <cref>
                Sitecore.Commerce.Core.CommercePipeline{Plugin.Sample.Upgrade.MigrateEnvironmentArgument,
                System.Boolean}
            </cref>
            </seealso>
            <seealso cref="T:Plugin.Sample.Upgrade.IMigrateEnvironmentPipeline" />
        </member>
        <member name="M:Plugin.Sample.Upgrade.MigrateEnvironmentPipeline.#ctor(Sitecore.Framework.Pipelines.IPipelineConfiguration{Plugin.Sample.Upgrade.IMigrateEnvironmentPipeline},Microsoft.Extensions.Logging.ILoggerFactory)">
            <summary>
            Initializes a new instance of the <see cref="T:Plugin.Sample.Upgrade.MigrateEnvironmentPipeline" /> class.
            </summary>
            <param name="configuration">The definition.</param>
            <param name="loggerFactory">The logger factory.</param>
        </member>
        <member name="T:Plugin.Sample.Upgrade.MigrateListPipeline">
            <summary>
            Defines the migrate a list pipeline.
            </summary>    
            <seealso>
              <cref>
            Sitecore.Commerce.Core.CommercePipeline{Plugin.Sample.Upgrade.MigrateListArgument,
            System.Boolean}
            </cref>
            </seealso>
            <seealso cref="T:Plugin.Sample.Upgrade.IMigrateListPipeline" />
        </member>
        <member name="M:Plugin.Sample.Upgrade.MigrateListPipeline.#ctor(Sitecore.Framework.Pipelines.IPipelineConfiguration{Plugin.Sample.Upgrade.IMigrateListPipeline},Microsoft.Extensions.Logging.ILoggerFactory)">
            <summary>
            Initializes a new instance of the <see cref="T:Plugin.Sample.Upgrade.MigrateListPipeline" /> class.
            </summary>
            <param name="configuration">The definition.</param>
            <param name="loggerFactory">The logger factory.</param>
        </member>
        <member name="T:Plugin.Sample.Upgrade.MigrationPolicy">
            <summary>
            SQL policy for the upgrade migration
            </summary>
            <seealso cref="T:Sitecore.Commerce.Core.Policy" />
        </member>
        <member name="M:Plugin.Sample.Upgrade.MigrationPolicy.#ctor">
            <summary>
            Initializes a new instance of the <see cref="T:Plugin.Sample.Upgrade.MigrationPolicy"/> class.
            </summary>
        </member>
        <member name="P:Plugin.Sample.Upgrade.MigrationPolicy.DefaultEnvironmentName">
            <summary>
            Gets or sets the name of the OOB new engine environment.
            </summary>
            <value>
            The name of the OOB new engine environment.
            </value>
        </member>
        <member name="P:Plugin.Sample.Upgrade.MigrationPolicy.SqlPolicySetName">
            <summary>
            Gets or sets the name of the SQL policy set.
            </summary>
            <value>
            The name of the SQL policy set.
            </value>
        </member>
        <member name="P:Plugin.Sample.Upgrade.MigrationPolicy.ListsToMigrate">
            <summary>
            Gets or sets the lists to migrate.
            </summary>
            <value>
            The lists to migrate.
            </value>
        </member>
        <member name="P:Plugin.Sample.Upgrade.MigrationPolicy.ReviewOnly">
            <summary>
            Gets or sets a value indicating whether [review only].
            </summary>
            <value>
              <c>true</c> if [review only]; otherwise, <c>false</c>.
            </value>
        </member>
        <member name="T:Plugin.Sample.Upgrade.MigrationSqlPolicy">
            <summary>
            SQL policy for the upgrade migration
            </summary>
            <seealso cref="T:Sitecore.Commerce.Core.Policy" />
        </member>
        <member name="M:Plugin.Sample.Upgrade.MigrationSqlPolicy.#ctor">
            <summary>
            Initializes a new instance of the <see cref="T:Plugin.Sample.Upgrade.MigrationSqlPolicy"/> class.
            </summary>
        </member>
        <member name="P:Plugin.Sample.Upgrade.MigrationSqlPolicy.ArtifactStoreId">
            <summary>
            Gets or sets the global artifact store identifier.
            </summary>
            <value>
            The artifact store identifier.
            </value>
        </member>
        <member name="P:Plugin.Sample.Upgrade.MigrationSqlPolicy.SourceStoreSqlPolicy">
            <summary>
            Gets or sets the source store SQL policy.
            </summary>
            <value>
            The source store SQL policy.
            </value>
        </member>
        <member name="T:Plugin.Sample.Upgrade.UpgradeConstants">
            <summary>
            The Upgradet constants.
            </summary>
        </member>
        <member name="T:Plugin.Sample.Upgrade.UpgradeConstants.Pipelines">
            <summary>
            The name of the Upgradet pipelines.
            </summary>
        </member>
        <member name="F:Plugin.Sample.Upgrade.UpgradeConstants.Pipelines.MigrateEnvironment">
            <summary>
            The migrate environment
            </summary>
        </member>
        <member name="F:Plugin.Sample.Upgrade.UpgradeConstants.Pipelines.MigrateEnvironmentMetadata">
            <summary>
            The migrate environment metadata
            </summary>
        </member>
        <member name="F:Plugin.Sample.Upgrade.UpgradeConstants.Pipelines.MigrateEntityMetadata">
            <summary>
            The migrate entity metadata
            </summary>
        </member>
        <member name="F:Plugin.Sample.Upgrade.UpgradeConstants.Pipelines.MigrateList">
            <summary>
            The migrate list
            </summary>
        </member>
        <member name="T:Plugin.Sample.Upgrade.UpgradeConstants.Pipelines.Blocks">
            <summary>
            The name of the Upgradet pipeline blocks.
            </summary>
        </member>
        <member name="F:Plugin.Sample.Upgrade.UpgradeConstants.Pipelines.Blocks.ConfigureOpsServiceApiBlock">
            <summary>
            The configure Ops service API block name.
            </summary>
        </member>
        <member name="F:Plugin.Sample.Upgrade.UpgradeConstants.Pipelines.Blocks.GetSourceEnvironmentBlock">
            <summary>
            The get source environment block
            </summary>
        </member>
        <member name="F:Plugin.Sample.Upgrade.UpgradeConstants.Pipelines.Blocks.InjectEnvironmentPoliciesBlock">
            <summary>
            The inject environment policies block
            </summary>
        </member>
        <member name="F:Plugin.Sample.Upgrade.UpgradeConstants.Pipelines.Blocks.MigrateListsBlock">
            <summary>
            The migrate lists block
            </summary>
        </member>
        <member name="F:Plugin.Sample.Upgrade.UpgradeConstants.Pipelines.Blocks.MigrateListBlock">
            <summary>
            The migrate list block
            </summary>
        </member>
        <member name="F:Plugin.Sample.Upgrade.UpgradeConstants.Pipelines.Blocks.GetSourceEntityBlock">
            <summary>
            The get source entity block
            </summary>
        </member>
        <member name="F:Plugin.Sample.Upgrade.UpgradeConstants.Pipelines.Blocks.GetTargetEntityBlock">
            <summary>
            The get target entity block
            </summary>
        </member>
        <member name="F:Plugin.Sample.Upgrade.UpgradeConstants.Pipelines.Blocks.MigrateOrderEntityBlock">
            <summary>
            The migrate order entity block
            </summary>
        </member>
        <member name="F:Plugin.Sample.Upgrade.UpgradeConstants.Pipelines.Blocks.MigrateEntityIndexBlock">
            <summary>
            The migrate entity index block
            </summary>
        </member>
        <member name="F:Plugin.Sample.Upgrade.UpgradeConstants.Pipelines.Blocks.MigrateGiftCardBlock">
            <summary>
            The migrate gift card block
            </summary>
        </member>
        <member name="F:Plugin.Sample.Upgrade.UpgradeConstants.Pipelines.Blocks.MigrateJournalEntryBlock">
            <summary>
            The migrate journal entry block
            </summary>
        </member>
        <member name="F:Plugin.Sample.Upgrade.UpgradeConstants.Pipelines.Blocks.MigrateSellableItemBlock">
            <summary>
            The migrate sellable item block
            </summary>
        </member>
        <member name="F:Plugin.Sample.Upgrade.UpgradeConstants.Pipelines.Blocks.PatchEnvironmentJsonBlock">
            <summary>
            The patch environment json block
            </summary>
        </member>
        <member name="F:Plugin.Sample.Upgrade.UpgradeConstants.Pipelines.Blocks.SetEntityListMembershipsBlock">
            <summary>
            The set entity list memberships block
            </summary>
        </member>
        <member name="F:Plugin.Sample.Upgrade.UpgradeConstants.Pipelines.Blocks.PersistMigratedEntityBlock">
            <summary>
            The persist migrated entity block
            </summary>
        </member>
        <member name="F:Plugin.Sample.Upgrade.UpgradeConstants.Pipelines.Blocks.FinalizeEnvironmentMigrationBlock">
            <summary>
            The finalize environment migration block
            </summary>
        </member>
    </members>
</doc>
