<?xml version="1.0"?>
<doc>
    <assembly>
        <name>Sitecore.IdentityServer</name>
    </assembly>
    <members>
        <member name="T:Sitecore.IdentityServer.AppSettings">
            <summary>
            Represents Settings frm appSettings.json
            </summary>
        </member>
        <member name="P:Sitecore.IdentityServer.AppSettings.SitecoreMembershipOptions">
            <summary>
            Gets or sets the sitecore membership options.
            </summary>
            <value>
            The sitecore membership options.
            </value>
        </member>
        <member name="P:Sitecore.IdentityServer.AppSettings.IdentityServerCorsPolicy">
            <summary>
            Gets or sets the identity server cors policy.
            </summary>
            <value>
            The identity server cors policy.
            </value>
        </member>
        <member name="P:Sitecore.IdentityServer.AppSettings.Clients">
            <summary>
            Gets or sets the clients.
            </summary>
            <value>
            The clients.
            </value>
        </member>
        <member name="P:Sitecore.IdentityServer.AppSettings.IdentityResources">
            <summary>
            Gets or sets the identity resources.
            </summary>
            <value>
            The identity resources.
            </value>
        </member>
        <member name="P:Sitecore.IdentityServer.AppSettings.ApiResources">
            <summary>
            Gets or sets the API resources.
            </summary>
            <value>
            The API resources.
            </value>
        </member>
        <member name="P:Sitecore.IdentityServer.AppSettings.IDServerCertificateThumbprint">
            <summary>
            Gets or sets the identifier server certificate thumbprint.
            </summary>
            <value>
            The identifier server certificate thumbprint.
            </value>
        </member>
        <member name="P:Sitecore.IdentityServer.AppSettings.IDServerCertificateStoreLocation">
            <summary>
            Gets or sets the identifier server certificate store location.
            </summary>
            <value>
            The identifier server certificate store location.
            </value>
        </member>
        <member name="P:Sitecore.IdentityServer.AppSettings.IDServerCertificateStoreName">
            <summary>
            Gets or sets the name of the identifier server certificate store.
            </summary>
            <value>
            The name of the identifier server certificate store.
            </value>
        </member>
        <member name="P:Sitecore.IdentityServer.AppSettings.PasswordHashAlgorithm">
            <summary>
            Gets or sets the password hash algorithm.
            </summary>
            <value>
            The password hash algorithm.
            </value>
        </member>
        <member name="P:Sitecore.IdentityServer.AppSettings.RolesInRoles">
            <summary>
            Gets or sets the roles in roles.
            </summary>
            <value>
            The roles in roles.
            </value>
        </member>
        <member name="T:Sitecore.IdentityServer.SitecoreMembershipOptions">
            <summary>
            Represents Sitecore membership options structure
            </summary>
        </member>
        <member name="P:Sitecore.IdentityServer.SitecoreMembershipOptions.ConnectionString">
            <summary>
            Gets or sets the connection string.
            </summary>
            <value>
            The connection string.
            </value>
        </member>
        <member name="P:Sitecore.IdentityServer.SitecoreMembershipOptions.ApplicationName">
            <summary>
            Gets or sets the name of the application.
            </summary>
            <value>
            The name of the application.
            </value>
        </member>
        <member name="P:Sitecore.IdentityServer.SitecoreMembershipOptions.UseRoleProviderSource">
            <summary>
            Gets or sets a value indicating whether [use role provider source].
            </summary>
            <value>
              <c>true</c> if [use role provider source]; otherwise, <c>false</c>.
            </value>
        </member>
        <member name="T:Sitecore.IdentityServer.Client">
            <summary>
            Represents Client Structure
            </summary>
        </member>
        <member name="P:Sitecore.IdentityServer.Client.ClientId">
            <summary>
            Gets or sets the client identifier.
            </summary>
            <value>
            The client identifier.
            </value>
        </member>
        <member name="P:Sitecore.IdentityServer.Client.ClientName">
            <summary>
            Gets or sets the name of the client.
            </summary>
            <value>
            The name of the client.
            </value>
        </member>
        <member name="P:Sitecore.IdentityServer.Client.AllowAccessTokensViaBrowser">
            <summary>
            Gets or sets a value indicating whether [allow access tokens via browser].
            </summary>
            <value>
              <c>true</c> if [allow access tokens via browser]; otherwise, <c>false</c>.
            </value>
        </member>
        <member name="P:Sitecore.IdentityServer.Client.RequireConsent">
            <summary>
            Gets or sets a value indicating whether [require consent].
            </summary>
            <value>
              <c>true</c> if [require consent]; otherwise, <c>false</c>.
            </value>
        </member>
        <member name="P:Sitecore.IdentityServer.Client.RequireClientSecret">
            <summary>
            Gets or sets a value indicating whether [require client secret].
            </summary>
            <value>
              <c>true</c> if [require client secret]; otherwise, <c>false</c>.
            </value>
        </member>
        <member name="P:Sitecore.IdentityServer.Client.AccessTokenLifetimeInSeconds">
            <summary>
            Gets or sets the access token lifetime in seconds.
            </summary>
            <value>
            The access token lifetime in seconds.
            </value>
        </member>
        <member name="P:Sitecore.IdentityServer.Client.IdentityTokenLifetimeInSeconds">
            <summary>
            Gets or sets the identity token lifetime in seconds.
            </summary>
            <value>
            The identity token lifetime in seconds.
            </value>
        </member>
        <member name="P:Sitecore.IdentityServer.Client.AccessTokenType">
            <summary>
            Gets or sets the type of the access token.
            </summary>
            <value>
            The type of the access token.
            </value>
        </member>
        <member name="P:Sitecore.IdentityServer.Client.AllowedGrantTypes">
            <summary>
            Gets or sets the allowed grant types.
            </summary>
            <value>
            The allowed grant types.
            </value>
        </member>
        <member name="P:Sitecore.IdentityServer.Client.RedirectUris">
            <summary>
            Gets or sets the redirect uris.
            </summary>
            <value>
            The redirect uris.
            </value>
        </member>
        <member name="P:Sitecore.IdentityServer.Client.PostLogoutRedirectUris">
            <summary>
            Gets or sets the post logout redirect uris.
            </summary>
            <value>
            The post logout redirect uris.
            </value>
        </member>
        <member name="P:Sitecore.IdentityServer.Client.AllowedCorsOrigins">
            <summary>
            Gets or sets the allowed cors origins.
            </summary>
            <value>
            The allowed cors origins.
            </value>
        </member>
        <member name="P:Sitecore.IdentityServer.Client.AllowedScopes">
            <summary>
            Gets or sets the allowed scopes.
            </summary>
            <value>
            The allowed scopes.
            </value>
        </member>
        <member name="T:Sitecore.IdentityServer.IdentityResource">
            <summary>
            Represents Identity Resource Structure
            </summary>
        </member>
        <member name="P:Sitecore.IdentityServer.IdentityResource.Name">
            <summary>
            Gets or sets the name.
            </summary>
            <value>
            The name.
            </value>
        </member>
        <member name="P:Sitecore.IdentityServer.IdentityResource.ClaimTypes">
            <summary>
            Gets or sets the claim types.
            </summary>
            <value>
            The claim types.
            </value>
        </member>
        <member name="T:Sitecore.IdentityServer.ApiResource">
            <summary>
            Represents Api Resource Structure 
            </summary>
        </member>
        <member name="P:Sitecore.IdentityServer.ApiResource.Name">
            <summary>
            Gets or sets the name.
            </summary>
            <value>
            The name.
            </value>
        </member>
        <member name="P:Sitecore.IdentityServer.ApiResource.DisplayName">
            <summary>
            Gets or sets the display name.
            </summary>
            <value>
            The display name.
            </value>
        </member>
        <member name="P:Sitecore.IdentityServer.ApiResource.ApiSecrets">
            <summary>
            Gets or sets the API secrets.
            </summary>
            <value>
            The API secrets.
            </value>
        </member>
        <member name="P:Sitecore.IdentityServer.ApiResource.UserClaims">
            <summary>
            Gets or sets the user claims.
            </summary>
            <value>
            The user claims.
            </value>
        </member>
        <member name="T:Sitecore.IdentityServer.IdentityServerCorsPolicy">
            <summary>
            Represents Identity Server Cors Policy Structure
            </summary>
        </member>
        <member name="P:Sitecore.IdentityServer.IdentityServerCorsPolicy.Origins">
            <summary>
            Gets or sets the origins.
            </summary>
            <value>
            The origins.
            </value>
        </member>
        <member name="P:Sitecore.IdentityServer.IdentityServerCorsPolicy.ExposedHeader">
            <summary>
            Gets or sets the exposed header.
            </summary>
            <value>
            The exposed header.
            </value>
        </member>
        <member name="T:Sitecore.IdentityServer.Configuration.Clients">
            <summary>
            Clients Config for Authentication/Authorization
            </summary>
        </member>
        <member name="M:Sitecore.IdentityServer.Configuration.Clients.Get(Sitecore.IdentityServer.AppSettings)">
            <summary>
            Gets the specified application settings.
            </summary>
            <param name="appSettings">The application settings.</param>
            <returns>A collection of <see cref="T:IdentityServer4.Models.Client"/></returns>
        </member>
        <member name="T:Sitecore.IdentityServer.Configuration.Resources">
            <summary>
            Resources Config for Authentication/Authorization
            </summary>
        </member>
        <member name="M:Sitecore.IdentityServer.Configuration.Resources.GetIdentityResources(Sitecore.IdentityServer.AppSettings)">
            <summary>
            Gets the identity resources.
            </summary>
            <param name="appSettings">The application settings.</param>
            <returns>A collection of <see cref="T:IdentityServer4.Models.IdentityResource"/></returns>
        </member>
        <member name="M:Sitecore.IdentityServer.Configuration.Resources.GetApiResources(Sitecore.IdentityServer.AppSettings)">
            <summary>
            Gets the API resources.
            </summary>
            <param name="appSettings">The application settings.</param>
            <returns>A collection of <see cref="T:IdentityServer4.Models.ApiResource"/></returns>
        </member>
        <member name="T:Sitecore.IdentityServer.Configuration.RolesInRoles">
            <summary>
            Roles Config for authentication
            </summary>
        </member>
        <member name="M:Sitecore.IdentityServer.Configuration.RolesInRoles.#ctor">
            <summary>
            Initializes a new instance of the <see cref="T:Sitecore.IdentityServer.Configuration.RolesInRoles"/> class.
            </summary>
        </member>
        <member name="M:Sitecore.IdentityServer.Configuration.RolesInRoles.Get(Sitecore.IdentityServer.AppSettings)">
            <summary>
            Gets the specified application settings.
            </summary>
            <param name="appSettings">The application settings.</param>
            <returns></returns>
        </member>
        <member name="P:Sitecore.IdentityServer.Configuration.RolesInRoles.Enabled">
            <summary>
            Gets or sets a value indicating whether this <see cref="T:Sitecore.IdentityServer.Configuration.RolesInRoles"/> is enabled.
            </summary>
        </member>
        <member name="P:Sitecore.IdentityServer.Configuration.RolesInRoles.ApplicationName">
            <summary>
            Gets or sets the name of the application.
            </summary>
        </member>
        <member name="P:Sitecore.IdentityServer.Configuration.RolesInRoles.DatabaseTable">
            <summary>
            Gets or sets the database table.
            </summary>
        </member>
        <member name="P:Sitecore.IdentityServer.Configuration.RolesInRoles.ConnectionString">
            <summary>
            Gets or sets the connection string.
            </summary>
        </member>
        <member name="T:Sitecore.IdentityServer.Controllers.AccountController">
            <summary>
            Account Controller
            </summary>
        </member>
        <member name="M:Sitecore.IdentityServer.Controllers.AccountController.#ctor(IdentityServer4.Contrib.Membership.Interfaces.IMembershipService,IdentityServer4.Services.IIdentityServerInteractionService,IdentityServer4.Stores.IClientStore)">
            <summary>
            Initializes a new instance of the <see cref="T:Sitecore.IdentityServer.Controllers.AccountController"/> class.
            </summary>
            <param name="membershipService">The membership service.</param>
            <param name="interaction">The interaction.</param>
            <param name="clientStore">The client store.</param>
        </member>
        <member name="M:Sitecore.IdentityServer.Controllers.AccountController.Login(System.String)">
            <summary>
            Login the specified return URL.
            </summary>
            <param name="returnUrl">The return URL.</param>
            <returns>A <see cref="T:Microsoft.AspNetCore.Mvc.IActionResult"/></returns>
        </member>
        <member name="M:Sitecore.IdentityServer.Controllers.AccountController.Login(Sitecore.IdentityServer.Models.LoginInputModel)">
            <summary>
            Login the specified model.
            </summary>
            <param name="model">The model.</param>
            <returns>A <see cref="T:Microsoft.AspNetCore.Mvc.IActionResult"/></returns>
        </member>
        <member name="M:Sitecore.IdentityServer.Controllers.AccountController.Logout(System.String)">
            <summary>
            Logout the specified logout identifier.
            </summary>
            <param name="logoutId">The logout identifier.</param>
            <returns>A <see cref="T:Microsoft.AspNetCore.Mvc.IActionResult"/></returns>
        </member>
        <member name="M:Sitecore.IdentityServer.Controllers.AccountController.Logout(Sitecore.IdentityServer.Models.LogoutViewModel)">
            <summary>
            Logout the specified model.
            </summary>
            <param name="model">The model.</param>
            <returns>>A <see cref="T:Microsoft.AspNetCore.Mvc.IActionResult"/></returns>
        </member>
        <member name="M:Sitecore.IdentityServer.Controllers.AccountController.ExternalLogin(System.String,System.String)">
            <summary>
            Externals the login.
            </summary>
            <param name="provider">The provider.</param>
            <param name="returnUrl">The return URL.</param>
            <returns>>A <see cref="T:Microsoft.AspNetCore.Mvc.IActionResult"/></returns>
        </member>
        <member name="M:Sitecore.IdentityServer.Controllers.AccountController.BuildLoginViewModelAsync(System.String,IdentityServer4.Models.AuthorizationRequest)">
            <summary>
            Builds the login view model asynchronous.
            </summary>
            <param name="returnUrl">The return URL.</param>
            <param name="context">The context.</param>
            <returns>A <see cref="T:Sitecore.IdentityServer.Models.LogoutViewModel"/></returns>
        </member>
        <member name="M:Sitecore.IdentityServer.Controllers.AccountController.BuildLoginViewModelAsync(Sitecore.IdentityServer.Models.LoginInputModel)">
            <summary>
            Builds the login view model asynchronous.
            </summary>
            <param name="model">The model.</param>
            <returns>A <see cref="T:Sitecore.IdentityServer.Models.LogoutViewModel"/></returns>
        </member>
        <member name="M:Sitecore.IdentityServer.Controllers.AccountController.RedirectToLocal(System.String)">
            <summary>
            Redirects to local.
            </summary>
            <param name="returnUrl">The return URL.</param>
            <returns>A <see cref="T:Microsoft.AspNetCore.Mvc.IActionResult"/></returns>
        </member>
        <member name="T:Sitecore.IdentityServer.Controllers.HomeController">
            <summary>
            Home Controller
            </summary>
        </member>
        <member name="M:Sitecore.IdentityServer.Controllers.HomeController.#ctor(IdentityServer4.Services.IIdentityServerInteractionService)">
            <summary>
            Initializes a new instance of the <see cref="T:Sitecore.IdentityServer.Controllers.HomeController"/> class.
            </summary>
            <param name="interaction">The interaction.</param>
        </member>
        <member name="M:Sitecore.IdentityServer.Controllers.HomeController.Index">
            <summary>
            Indexes this instance.
            </summary>
            <returns>A <see cref="T:Microsoft.AspNetCore.Mvc.IActionResult"/></returns>
        </member>
        <member name="M:Sitecore.IdentityServer.Controllers.HomeController.About">
            <summary>
            About this instance.
            </summary>
            <returns>A <see cref="T:Microsoft.AspNetCore.Mvc.IActionResult"/></returns>
        </member>
        <member name="M:Sitecore.IdentityServer.Controllers.HomeController.Contact">
            <summary>
            Contacts this instance.
            </summary>
            <returns>A <see cref="T:Microsoft.AspNetCore.Mvc.IActionResult"/></returns>
        </member>
        <member name="M:Sitecore.IdentityServer.Controllers.HomeController.Error(System.String)">
            <summary>
            Errors the specified error identifier.
            </summary>
            <param name="errorId">The error identifier.</param>
            <returns>A <see cref="T:Microsoft.AspNetCore.Mvc.IActionResult"/></returns>
        </member>
        <member name="T:Sitecore.IdentityServer.Models.ErrorViewModel">
            <summary>
            Error View Model
            </summary>
        </member>
        <member name="P:Sitecore.IdentityServer.Models.ErrorViewModel.Error">
            <summary>
            Gets or sets the error.
            </summary>
            <value>
            The error.
            </value>
        </member>
        <member name="T:Sitecore.IdentityServer.Models.LoggedOutViewModel">
            <summary>
            Logged Out View Model
            </summary>
        </member>
        <member name="P:Sitecore.IdentityServer.Models.LoggedOutViewModel.PostLogoutRedirectUri">
            <summary>
            Gets or sets the post logout redirect URI.
            </summary>
            <value>
            The post logout redirect URI.
            </value>
        </member>
        <member name="P:Sitecore.IdentityServer.Models.LoggedOutViewModel.ClientName">
            <summary>
            Gets or sets the name of the client.
            </summary>
            <value>
            The name of the client.
            </value>
        </member>
        <member name="P:Sitecore.IdentityServer.Models.LoggedOutViewModel.SignOutIframeUrl">
            <summary>
            Gets or sets the sign out iframe URL.
            </summary>
            <value>
            The sign out iframe URL.
            </value>
        </member>
        <member name="T:Sitecore.IdentityServer.Models.LoginInputModel">
            <summary>
            Login Input Model
            </summary>
        </member>
        <member name="P:Sitecore.IdentityServer.Models.LoginInputModel.Username">
            <summary>
            Gets or sets the username.
            </summary>
            <value>
            The username.
            </value>
        </member>
        <member name="P:Sitecore.IdentityServer.Models.LoginInputModel.Password">
            <summary>
            Gets or sets the password.
            </summary>
            <value>
            The password.
            </value>
        </member>
        <member name="P:Sitecore.IdentityServer.Models.LoginInputModel.RememberLogin">
            <summary>
            Gets or sets a value indicating whether [remember login].
            </summary>
            <value>
              <c>true</c> if [remember login]; otherwise, <c>false</c>.
            </value>
        </member>
        <member name="P:Sitecore.IdentityServer.Models.LoginInputModel.ReturnUrl">
            <summary>
            Gets or sets the return URL.
            </summary>
            <value>
            The return URL.
            </value>
        </member>
        <member name="T:Sitecore.IdentityServer.Models.LoginViewModel">
            <summary>
            Login View Model
            </summary>
        </member>
        <member name="P:Sitecore.IdentityServer.Models.LoginViewModel.EnableLocalLogin">
            <summary>
            Gets or sets a value indicating whether [enable local login].
            </summary>
            <value>
              <c>true</c> if [enable local login]; otherwise, <c>false</c>.
            </value>
        </member>
        <member name="T:Sitecore.IdentityServer.Models.LogoutViewModel">
            <summary>
            Logout View Model
            </summary>
        </member>
        <member name="P:Sitecore.IdentityServer.Models.LogoutViewModel.LogoutId">
            <summary>
            Gets or sets the logout identifier.
            </summary>
            <value>
            The logout identifier.
            </value>
        </member>
        <member name="T:Sitecore.IdentityServer.Program">
            <summary>
            Defines the program class
            </summary>
        </member>
        <member name="M:Sitecore.IdentityServer.Program.Main(System.String[])">
            <summary>
            Mains the specified arguments.
            </summary>
            <param name="args">The arguments.</param>
        </member>
        <member name="M:Sitecore.IdentityServer.Program.BuildWebHost(System.String[])">
            <summary>
            Builds the web host.
            </summary>
            <param name="args">The arguments.</param>
            <returns>An <see cref="T:Microsoft.AspNetCore.Hosting.IWebHost"/></returns>
        </member>
        <member name="T:Sitecore.IdentityServer.SecurityHeadersAttribute">
            <summary>
            Handles the Security Headers in response.
            </summary>
            <seealso cref="T:Microsoft.AspNetCore.Mvc.Filters.ActionFilterAttribute" />
        </member>
        <member name="M:Sitecore.IdentityServer.SecurityHeadersAttribute.OnResultExecuting(Microsoft.AspNetCore.Mvc.Filters.ResultExecutingContext)">
            <summary>
            </summary>
            <param name="context"></param>
            <inheritdoc />
        </member>
        <member name="M:Sitecore.IdentityServer.Services.SitecoreClaimsService.#ctor(IdentityServer4.Services.IProfileService,Microsoft.Extensions.Logging.ILogger{IdentityServer4.Services.DefaultClaimsService})">
            <summary>
            Initializes a new instance of the <see cref="T:Sitecore.IdentityServer.Services.SitecoreClaimsService"/> class.
            </summary>
            <param name="profile">The profile service</param>
            <param name="logger">The logger</param>
        </member>
        <member name="M:Sitecore.IdentityServer.Services.SitecoreClaimsService.GetAccessTokenClaimsAsync(System.Security.Claims.ClaimsPrincipal,IdentityServer4.Models.Resources,IdentityServer4.Validation.ValidatedRequest)">
            <summary>
            Returns claims for an identity token.
            </summary>
            <param name="subject">The subject.</param>
            <param name="resources">The requested resources</param>
            <param name="request">The raw request.</param>
            <returns>
            Claims for the access token
            </returns>
        </member>
        <member name="M:Sitecore.IdentityServer.Services.SitecoreClaimsService.GetRolesInRole(System.String,System.Collections.Generic.List{System.String},System.Collections.Generic.List{System.String})">
            <summary>
            Gets the roles in role.
            </summary>
            <param name="role">The role.</param>
            <param name="rolesInClaims">The roles in claims.</param>
            <param name="rolesToAdd">The roles to add.</param>
            <returns></returns>
        </member>
        <member name="M:Sitecore.IdentityServer.Services.SitecoreClaimsService.GetRolesForRole(System.String,System.String,System.String)">
            <summary>
            Gets the roles for role.
            </summary>
            <param name="tableName">Name of the table.</param>
            <param name="applicationName">Name of the application.</param>
            <param name="memberRoleName">Name of the member role.</param>
            <returns>List of child roles</returns>
        </member>
        <member name="M:Sitecore.IdentityServer.Services.SitecoreMembershipPasswordHasher.EncryptPassword(System.String,System.Int32,System.String)">
            <summary>Encrypts a password using the given format and salt</summary>
            <param name="password">The password to encrypt / hash</param>
            <param name="passwordFormat">The format to use 0 = clear, 1 = encrypt</param>
            <param name="salt">The salt to apply to the password</param>
            <returns>The encrypted / hashed password</returns>
            <remarks>Taken from the original Membership code</remarks>
        </member>
        <member name="T:Sitecore.IdentityServer.Startup">
            <summary>
            Defines the application startup.
            </summary>
        </member>
        <member name="M:Sitecore.IdentityServer.Startup.#ctor(Microsoft.AspNetCore.Hosting.IHostingEnvironment,Microsoft.Extensions.Configuration.IConfiguration)">
            <summary>
            Initializes a new instance of the <see cref="T:Sitecore.IdentityServer.Startup"/> class.
            </summary>
            <param name="hostEnv">The host env.</param>
            <param name="configuration">The configuration.</param>
        </member>
        <member name="P:Sitecore.IdentityServer.Startup.Configuration">
            <summary>
            Gets the configuration.
            </summary>
            <value>
            The configuration.
            </value>
        </member>
        <member name="M:Sitecore.IdentityServer.Startup.ConfigureServices(Microsoft.Extensions.DependencyInjection.IServiceCollection)">
            <summary>
            Configures the services.
            </summary>
            <param name="services">The services.</param>
        </member>
        <member name="M:Sitecore.IdentityServer.Startup.Configure(Microsoft.AspNetCore.Builder.IApplicationBuilder,Microsoft.AspNetCore.Hosting.IHostingEnvironment,Microsoft.Extensions.Logging.ILoggerFactory)">
            <summary>
            Configures the specified application.
            </summary>
            <param name="app">The application.</param>
            <param name="env">The env.</param>
            <param name="loggerFactory">The logger factory.</param>
        </member>
        <member name="M:Sitecore.IdentityServer.Startup.GetSerilogLogLevel">
            <summary>
            Gets the serilog log level.
            </summary>
            <returns>A <see cref="T:Serilog.Events.LogEventLevel"/></returns>
        </member>
        <member name="M:Sitecore.IdentityServer.Startup.GetCertificate(System.String,System.String,System.String)">
            <summary>
            Gets the certificate
            </summary>
            <param name="storeName">the store name.</param>
            <param name="storeLocation">the store location.</param>
            <param name="thumbprint">the thumbprint</param>
            <returns>A <see cref="T:System.Security.Cryptography.X509Certificates.X509Certificate2"/></returns>
        </member>
        <member name="M:Sitecore.IdentityServer.Startup.GetCerfStoreLocation(System.String)">
            <summary>
            Gets the cerfiticate location
            </summary>
            <param name="location">the location</param>
            <returns>A <see cref="T:System.Security.Cryptography.X509Certificates.StoreLocation"/></returns>
        </member>
        <member name="M:Sitecore.IdentityServer.Startup.GetCerfStoreName(System.String)">
            <summary>
            Gets the store name
            </summary>
            <param name="name">the name</param>
            <returns>A <see cref="T:System.Security.Cryptography.X509Certificates.StoreName"/></returns>
        </member>
        <member name="T:Sitecore.IdentityServer.Validators.SitecoreResourceOwnerValidator">
            <summary>
            Implement IResourceOwnerPasswordValidator to provide the way to validate access in Silet mode (Without using UI)
            </summary>
        </member>
        <member name="M:Sitecore.IdentityServer.Validators.SitecoreResourceOwnerValidator.#ctor(IdentityServer4.Contrib.Membership.Interfaces.IMembershipService)">
            <summary>
            
            </summary>
            <param name="membershipService"></param>
        </member>
        <member name="M:Sitecore.IdentityServer.Validators.SitecoreResourceOwnerValidator.ValidateAsync(IdentityServer4.Validation.ResourceOwnerPasswordValidationContext)">
            <summary>
            Validate user credentials
            </summary>
            <param name="context"></param>
            <returns></returns>
        </member>
        <member name="T:Sitecore.IdentityServer.Validators.WildcardRedirectUriValidator">
            <summary>
            Overrides identity server's default uri validator to support subPaths
            </summary>
        </member>
        <member name="M:Sitecore.IdentityServer.Validators.WildcardRedirectUriValidator.IsRedirectUriValidAsync(System.String,IdentityServer4.Models.Client)">
            <summary>
            
            </summary>
            <param name="requestedUri"></param>
            <param name="client"></param>
            <returns></returns>
        </member>
        <member name="M:Sitecore.IdentityServer.Validators.WildcardRedirectUriValidator.IsPostLogoutRedirectUriValidAsync(System.String,IdentityServer4.Models.Client)">
            <summary>
            
            </summary>
            <param name="requestedUri"></param>
            <param name="client"></param>
            <returns></returns>
        </member>
    </members>
</doc>
