<?xml version="1.0"?>
<doc>
    <assembly>
        <name>Sitecore.Commerce.Connect.MarketingAutomation.Rules</name>
    </assembly>
    <members>
        <member name="T:Sitecore.Commerce.MarketingAutomation.Rules.Conditions.ContactHasEmailCondition">
            <summary>
            Implements the cart empty condition.
            </summary>
        </member>
        <member name="M:Sitecore.Commerce.MarketingAutomation.Rules.Conditions.ContactHasEmailCondition.Evaluate(Sitecore.Framework.Rules.IRuleExecutionContext)">
            <summary>
            Evaluates the cart empty condition.
            </summary>
            <param name="context">The rule context.</param>
            <returns>True if the cart is empty otherwise false.</returns>
        </member>
        <member name="T:Sitecore.Commerce.MarketingAutomation.Rules.Conditions.CartManipulatedCondition">
            <summary>
            Implements the cart empty condition.
            </summary>
        </member>
        <member name="M:Sitecore.Commerce.MarketingAutomation.Rules.Conditions.CartManipulatedCondition.Evaluate(Sitecore.Framework.Rules.IRuleExecutionContext)">
            <summary>
            Evaluates the cart empty condition.
            </summary>
            <param name="context">The rule context.</param>
            <returns>True if the cart is empty otherwise false.</returns>
        </member>
        <member name="T:Sitecore.Commerce.MarketingAutomation.Rules.Conditions.CartEmptyCondition">
            <summary>
            Implements the cart empty condition.
            </summary>
        </member>
        <member name="M:Sitecore.Commerce.MarketingAutomation.Rules.Conditions.CartEmptyCondition.Evaluate(Sitecore.Framework.Rules.IRuleExecutionContext)">
            <summary>
            Evaluates the cart empty condition.
            </summary>
            <param name="context">The rule context.</param>
            <returns>True if the cart is empty otherwise false.</returns>
        </member>
        <member name="M:Sitecore.Commerce.MarketingAutomation.Rules.Conditions.CartEmptyCondition.GetCart(Sitecore.XConnect.Event)">
            <summary>
            Gets the cart.
            </summary>
            <param name="event">The event.</param>
            <returns>Returns the cart from the page event.</returns>
        </member>
    </members>
</doc>
