{
	"info": {
		"name": "ContentAPISamples",
		"_postman_id": "06065824-73b9-226d-cae2-6d1d024b2d34",
		"description": "",
		"schema": "https://schema.getpostman.com/json/collection/v2.1.0/collection.json"
	},
	"item": [
		{
			"name": "DoActions",
			"item": [
				{
					"name": "Sync content path",
					"request": {
						"method": "PUT",
						"header": [
							{
								"key": "Content-Type",
								"value": "application/json"
							},
							{
								"key": "ShopName",
								"value": "{{ShopName}}"
							},
							{
								"key": "ShopperId",
								"value": "{{ShopperId}}"
							},
							{
								"key": "Language",
								"value": "{{Language}}"
							},
							{
								"key": "Currency",
								"value": "{{Currency}}"
							},
							{
								"key": "Environment",
								"value": "{{Environment}}"
							},
							{
								"key": "GeoLocation",
								"value": "{{GeoLocation}}"
							},
							{
								"key": "CustomerId",
								"value": "{{CustomerId}}"
							},
							{
								"key": "Authorization",
								"value": "{{SitecoreIdToken}}"
							}
						],
						"body": {
							"mode": "raw",
							"raw": "{\n  \"@odata.context\": \"http://localhost:5000/api/$metadata#Sitecore.Commerce.EntityViews.EntityView\",\n  \"@odata.type\": \"#Sitecore.Commerce.EntityViews.EntityView\",\n  \"Name\": \"Details\",\n  \"Policies\": [],\n  \"EntityId\": \"Entity-ContentPath-Commerce Control Panel\",\n  \"Action\": \"SynchronizeContentPath\",\n  \"ItemId\": \"Entity-ContentPath-Commerce Control Panel\",\n  \"Properties\": [\n   {\n      \"Name\": \"Version\",\n      \"Policies\": [],\n      \"DisplayName\": \"Version\",\n      \"Value\": \"2\",\n      \"IsHidden\": true,\n      \"OriginalType\": \"System.Int32\",\n      \"IsReadOnly\": true,\n      \"UiType\": \"\"\n    }\n  ],\n  \"ChildViews\": []\n}"
						},
						"url": {
							"raw": "{{ServiceHost}}/{{ShopsApi}}/DoUxAction()",
							"host": [
								"{{ServiceHost}}"
							],
							"path": [
								"{{ShopsApi}}",
								"DoUxAction()"
							]
						}
					},
					"response": []
				},
				{
					"name": "Sync content item",
					"request": {
						"method": "PUT",
						"header": [
							{
								"key": "Content-Type",
								"value": "application/json"
							},
							{
								"key": "ShopName",
								"value": "{{ShopName}}"
							},
							{
								"key": "ShopperId",
								"value": "{{ShopperId}}"
							},
							{
								"key": "Language",
								"value": "{{Language}}"
							},
							{
								"key": "Currency",
								"value": "{{Currency}}"
							},
							{
								"key": "Environment",
								"value": "{{Environment}}"
							},
							{
								"key": "GeoLocation",
								"value": "{{GeoLocation}}"
							},
							{
								"key": "CustomerId",
								"value": "{{CustomerId}}"
							},
							{
								"key": "Authorization",
								"value": "{{SitecoreIdToken}}"
							}
						],
						"body": {
							"mode": "raw",
							"raw": "{\n    \"@odata.context\": \"http://localhost:5000/Api/$metadata#Sitecore.Commerce.EntityViews.EntityView\",\n    \"@odata.type\": \"#Sitecore.Commerce.EntityViews.EntityView\",\n    \"Name\": \"SynchronizeContentItem\",\n    \"Policies\": [],\n    \"DisplayName\": \"SynchronizeContentItem\",\n    \"EntityId\": \"Entity-ContentPath-Commerce Control Panel\",\n    \"Action\": \"SynchronizeContentItem\",\n    \"ItemId\": \"\",\n    \"Properties\": [\n        {\n            \"Name\": \"Version\",\n            \"Policies\": [],\n            \"DisplayName\": \"Version\",\n            \"Value\": \"2\",\n            \"IsHidden\": true,\n            \"OriginalType\": \"System.Int32\",\n            \"IsReadOnly\": true,\n            \"UiType\": \"\",\n            \"IsRequired\": true\n        },\n        {\n            \"Name\": \"Path\",\n            \"Policies\": [],\n            \"DisplayName\": \"Path\",\n            \"Value\": \"/sitecore/Commerce/Commerce Control Panel/Commerce Engine Settings/Commerce Terms/BusinessTools/ViewActionNames/AddAddress\",\n            \"IsHidden\": false,\n            \"OriginalType\": \"System.String\",\n            \"IsReadOnly\": false,\n            \"UiType\": \"\",\n            \"IsRequired\": true\n        }\n    ],\n    \"ChildViews\": [],\n    \"DisplayRank\": 500,\n    \"UiHint\": \"Flat\",\n    \"Icon\": \"chart_column_stacked\"\n}"
						},
						"url": {
							"raw": "{{ServiceHost}}/{{ShopsApi}}/DoUxAction()",
							"host": [
								"{{ServiceHost}}"
							],
							"path": [
								"{{ShopsApi}}",
								"DoUxAction()"
							]
						}
					},
					"response": []
				}
			]
		},
		{
			"name": "Views",
			"description": "",
			"item": [
				{
					"name": "Sync item",
					"request": {
						"method": "PUT",
						"header": [
							{
								"key": "Content-Type",
								"value": "application/json"
							},
							{
								"key": "ShopName",
								"value": "{{ShopName}}"
							},
							{
								"key": "ShopperId",
								"value": "{{ShopperId}}"
							},
							{
								"key": "Language",
								"value": "{{Language}}"
							},
							{
								"key": "Currency",
								"value": "{{Currency}}"
							},
							{
								"key": "Environment",
								"value": "{{Environment}}"
							},
							{
								"key": "GeoLocation",
								"value": "{{GeoLocation}}"
							},
							{
								"key": "CustomerId",
								"value": "{{CustomerId}}"
							},
							{
								"key": "Authorization",
								"value": "{{SitecoreIdToken}}"
							}
						],
						"body": {
							"mode": "raw",
							"raw": "{\n    \"entityId\":\"Entity-ContentPath-Commerce Control Panel\",\n    \"viewName\":\"SynchronizeContentItem\",\n    \"forAction\":\"SynchronizeContentItem\"\n}"
						},
						"url": {
							"raw": "{{ServiceHost}}/{{ShopsApi}}/GetEntityView()",
							"host": [
								"{{ServiceHost}}"
							],
							"path": [
								"{{ShopsApi}}",
								"GetEntityView()"
							]
						}
					},
					"response": []
				}
			]
		}
	]
}