{
	"id": "ed6696eb-0774-ebcd-f6dd-49c39c9f3df0",
	"name": "SitecoreCommerce_Shops",
	"description": "",
	"order": [
		"7fe68f25-1308-df4a-0270-c37395025cff"
	],
	"folders": [
		{
			"id": "8d90da3b-3a27-f57b-f5cb-2a099ba996f5",
			"name": "BizFx",
			"description": "",
			"order": [
				"3e7c9531-e85e-8158-cb2b-c0e25f0919aa",
				"957f05da-422b-de7c-05a8-54f842fffb93"
			],
			"owner": "195787",
			"collectionId": "ed6696eb-0774-ebcd-f6dd-49c39c9f3df0",
			"folders_order": []
		},
		{
			"id": "032a21cf-f9c4-b9cb-9352-8383dc217640",
			"name": "Caching",
			"description": "",
			"order": [
				"9c7c0c25-ca0c-da22-8e22-310a9f7c2416"
			],
			"owner": "195787",
			"collectionId": "ed6696eb-0774-ebcd-f6dd-49c39c9f3df0",
			"folders_order": []
		},
		{
			"id": "31112850-ac9a-a447-d16f-78cb5d15ed96",
			"name": "Environments",
			"description": "",
			"order": [
				"eef4b137-06e5-50d4-95bd-d063d7d08940"
			],
			"owner": "195787",
			"collectionId": "ed6696eb-0774-ebcd-f6dd-49c39c9f3df0",
			"folders_order": []
		},
		{
			"id": "44c48762-2903-06fd-ffa5-99b2de03cfa3",
			"name": "Policies",
			"description": "",
			"order": [
				"c5020cf5-7a47-77c6-c9d7-ef277aa03de5",
				"b592f7eb-af93-26d7-3c1a-4585d7f9b753",
				"83c04c7a-fc38-a6fb-8e58-cc0571ff215f"
			],
			"owner": "195787",
			"collectionId": "ed6696eb-0774-ebcd-f6dd-49c39c9f3df0",
			"folders_order": []
		}
	],
	"folders_order": [
		"8d90da3b-3a27-f57b-f5cb-2a099ba996f5",
		"032a21cf-f9c4-b9cb-9352-8383dc217640",
		"31112850-ac9a-a447-d16f-78cb5d15ed96",
		"44c48762-2903-06fd-ffa5-99b2de03cfa3"
	],
	"timestamp": 1485189424227,
	"owner": "195787",
	"public": false,
	"requests": [
		{
			"id": "3e7c9531-e85e-8158-cb2b-c0e25f0919aa",
			"headers": "Content-Type: application/json\nShopName: {{ShopName}}\nEnvironment: {{Environment}}\n",
			"url": "{{ServiceHost}}/{{ShopsApi}}/GetNavigationView()",
			"preRequestScript": "",
			"pathVariables": {},
			"method": "GET",
			"data": [],
			"dataMode": "params",
			"tests": "",
			"currentHelper": "normal",
			"helperAttributes": {},
			"time": 1495225519432,
			"name": "Get Navigation",
			"description": "",
			"collectionId": "ed6696eb-0774-ebcd-f6dd-49c39c9f3df0",
			"responses": [],
			"folder": "8d90da3b-3a27-f57b-f5cb-2a099ba996f5",
			"collection_id": "ed6696eb-0774-ebcd-f6dd-49c39c9f3df0"
		},
		{
			"id": "7fe68f25-1308-df4a-0270-c37395025cff",
			"name": "Shops Metadata",
			"description": "Gets the Shops OData Metadata",
			"collectionId": "ed6696eb-0774-ebcd-f6dd-49c39c9f3df0",
			"method": "GET",
			"headers": "Content-Type: application/json\nShopName: {{ShopName}}\nShopperId: {{ShopperId}}\nLanguage: {{Language}}\nCurrency: {{Currency}}\nEnvironment: {{Environment}}\nGeoLocation: {{GeoLocation}}\nCustomerId: {{CustomerId}}\nAuthorization: {{SitecoreIdToken}}",
			"dataMode": "params",
			"data": [],
			"rawModeData": "",
			"url": "{{OpsApiHost}}/{{ShopsApi}}/$metadata",
			"responses": [
				{
					"id": "1d49ac4b-9ccc-5c09-d131-4b8a1502fe05",
					"name": "Model.xml",
					"status": "OK",
					"responseCode": {
						"code": 200,
						"name": "OK",
						"detail": ""
					},
					"language": "xml",
					"previewType": "html",
					"time": 610,
					"headers": [
						{
							"name": "Content-Type",
							"key": "Content-Type",
							"value": "application/xml; charset=utf-8",
							"description": "The mime type of this content"
						},
						{
							"name": "Date",
							"key": "Date",
							"value": "Fri, 11 Sep 2015 11:31:03 GMT",
							"description": "The date and time that the message was sent"
						},
						{
							"name": "OData-Version",
							"key": "OData-Version",
							"value": "4.0",
							"description": "Custom header"
						},
						{
							"name": "Server",
							"key": "Server",
							"value": "Microsoft-HTTPAPI/2.0",
							"description": "A name for the server"
						},
						{
							"name": "Transfer-Encoding",
							"key": "Transfer-Encoding",
							"value": "chunked",
							"description": "The form of encoding used to safely transfer the entity to the user. Currently defined methods are: chunked, compress, deflate, gzip, identity."
						}
					],
					"cookies": [],
					"text": "<?xml version=\"1.0\" encoding=\"utf-8\"?>\r\n<edmx:Edmx Version=\"4.0\" xmlns:edmx=\"http://docs.oasis-open.org/api/ns/edmx\">\r\n  <edmx:DataServices>\r\n    <Schema Namespace=\"Sitecore.Commerce.Plugin.Carts\" xmlns=\"http://docs.oasis-open.org/api/ns/edm\">\r\n      <EntityType Name=\"Cart\">\r\n        <Key>\r\n          <PropertyRef Name=\"{{ShopperId}}\" />\r\n          <PropertyRef Name=\"ShopName\" />\r\n          <PropertyRef Name=\"Id\" />\r\n        </Key>\r\n        <Property Name=\"{{CustomerId}}\" Type=\"Edm.String\" />\r\n        <Property Name=\"{{ShopperId}}\" Type=\"Edm.String\" Nullable=\"false\" />\r\n        <Property Name=\"ShopName\" Type=\"Edm.String\" Nullable=\"false\" />\r\n        <Property Name=\"ItemCount\" Type=\"Edm.Int32\" Nullable=\"false\" />\r\n        <Property Name=\"Totals\" Type=\"Sitecore.Commerce.Plugin.Carts.Totals\" />\r\n        <Property Name=\"CreatedBy\" Type=\"Edm.String\" />\r\n        <Property Name=\"DateCreated\" Type=\"Edm.DateTimeOffset\" Nullable=\"false\" />\r\n        <Property Name=\"DateDeleted\" Type=\"Edm.DateTimeOffset\" Nullable=\"false\" />\r\n        <Property Name=\"DateUpdated\" Type=\"Edm.DateTimeOffset\" Nullable=\"false\" />\r\n        <Property Name=\"Description\" Type=\"Sitecore.Commerce.Core.Localized_1OfString\" />\r\n        <Property Name=\"DisplayName\" Type=\"Edm.String\" />\r\n        <Property Name=\"FriendlyId\" Type=\"Edm.String\" />\r\n        <Property Name=\"Id\" Type=\"Edm.String\" Nullable=\"false\" />\r\n        <Property Name=\"IsDeleted\" Type=\"Edm.Boolean\" Nullable=\"false\" />\r\n        <Property Name=\"IsPersisted\" Type=\"Edm.Boolean\" Nullable=\"false\" />\r\n        <Property Name=\"ListMemberships\" Type=\"Collection(Edm.String)\" />\r\n        <Property Name=\"Name\" Type=\"Edm.String\" />\r\n        <Property Name=\"NameSpace\" Type=\"Edm.String\" />\r\n        <Property Name=\"SortOrder\" Type=\"Edm.Int32\" Nullable=\"false\" />\r\n        <NavigationProperty Name=\"Lines\" Type=\"Collection(Sitecore.Commerce.Plugin.Carts.CartLineComponent)\" ContainsTarget=\"true\" />\r\n        <NavigationProperty Name=\"Adjustments\" Type=\"Collection(Sitecore.Commerce.Plugin.Pricing.AwardedAdjustment)\" ContainsTarget=\"true\" />\r\n        <NavigationProperty Name=\"Components\" Type=\"Collection(Sitecore.Commerce.Core.Component)\" />\r\n        <NavigationProperty Name=\"Policies\" Type=\"Collection(Sitecore.Commerce.Core.Policy)\" />\r\n      </EntityType>\r\n      <EntityType Name=\"CartLineComponent\" BaseType=\"Sitecore.Commerce.Core.Component\">\r\n        <Property Name=\"ItemId\" Type=\"Edm.String\" />\r\n        <Property Name=\"ParentId\" Type=\"Edm.String\" />\r\n        <Property Name=\"Quantity\" Type=\"Edm.Decimal\" Nullable=\"false\" />\r\n        <Property Name=\"UnitListPrice\" Type=\"Sitecore.Commerce.Core.Money\" />\r\n        <Property Name=\"UnitSellPrice\" Type=\"Sitecore.Commerce.Core.Money\" />\r\n        <Property Name=\"Subtotal\" Type=\"Sitecore.Commerce.Core.Money\" />\r\n        <Property Name=\"TaxTotal\" Type=\"Sitecore.Commerce.Core.Money\" />\r\n        <Property Name=\"AdjustmentsTotal\" Type=\"Sitecore.Commerce.Core.Money\" />\r\n        <Property Name=\"Total\" Type=\"Sitecore.Commerce.Core.Money\" />\r\n        <NavigationProperty Name=\"ChildLines\" Type=\"Collection(Sitecore.Commerce.Plugin.Carts.CartLineComponent)\" ContainsTarget=\"true\" />\r\n        <NavigationProperty Name=\"Adjustments\" Type=\"Collection(Sitecore.Commerce.Plugin.Pricing.AwardedAdjustment)\" ContainsTarget=\"true\" />\r\n        <NavigationProperty Name=\"Product\" Type=\"Sitecore.Commerce.Plugin.Carts.CartProductComponent\" ContainsTarget=\"true\" />\r\n      </EntityType>\r\n      <EntityType Name=\"CartProductComponent\" BaseType=\"Sitecore.Commerce.Core.Component\">\r\n        <Property Name=\"ProductName\" Type=\"Edm.String\" />\r\n        <Property Name=\"ProductUrl\" Type=\"Edm.String\" />\r\n        <Property Name=\"Size\" Type=\"Edm.String\" />\r\n        <Property Name=\"Style\" Type=\"Edm.String\" />\r\n        <Property Name=\"VariantInventoryDimensionId\" Type=\"Edm.String\" />\r\n        <Property Name=\"OfferNames\" Type=\"Edm.String\" />\r\n        <Property Name=\"ItemType\" Type=\"Edm.String\" />\r\n        <Property Name=\"Color\" Type=\"Edm.String\" />\r\n        <Property Name=\"Comment\" Type=\"Edm.String\" />\r\n        <Property Name=\"Image\" Type=\"Sitecore.Commerce.Core.Image\" />\r\n      </EntityType>\r\n      <ComplexType Name=\"Totals\">\r\n        <Property Name=\"SubTotal\" Type=\"Sitecore.Commerce.Core.Money\" />\r\n        <Property Name=\"AdjustmentsTotal\" Type=\"Sitecore.Commerce.Core.Money\" />\r\n        <Property Name=\"GrandTotal\" Type=\"Sitecore.Commerce.Core.Money\" />\r\n      </ComplexType>\r\n    </Schema>\r\n    <Schema Namespace=\"Sitecore.Commerce.Plugin.Payments\" xmlns=\"http://docs.oasis-open.org/api/ns/edm\">\r\n      <EntityType Name=\"PaymentMethod\">\r\n        <Key>\r\n          <PropertyRef Name=\"Id\" />\r\n        </Key>\r\n        <Property Name=\"PaymentType\" Type=\"Edm.Int32\" Nullable=\"false\" />\r\n        <Property Name=\"CreatedBy\" Type=\"Edm.String\" />\r\n        <Property Name=\"DateCreated\" Type=\"Edm.DateTimeOffset\" Nullable=\"false\" />\r\n        <Property Name=\"DateDeleted\" Type=\"Edm.DateTimeOffset\" Nullable=\"false\" />\r\n        <Property Name=\"DateUpdated\" Type=\"Edm.DateTimeOffset\" Nullable=\"false\" />\r\n        <Property Name=\"Description\" Type=\"Sitecore.Commerce.Core.Localized_1OfString\" />\r\n        <Property Name=\"DisplayName\" Type=\"Edm.String\" />\r\n        <Property Name=\"FriendlyId\" Type=\"Edm.String\" />\r\n        <Property Name=\"Id\" Type=\"Edm.String\" Nullable=\"false\" />\r\n        <Property Name=\"IsDeleted\" Type=\"Edm.Boolean\" Nullable=\"false\" />\r\n        <Property Name=\"IsPersisted\" Type=\"Edm.Boolean\" Nullable=\"false\" />\r\n        <Property Name=\"ListMemberships\" Type=\"Collection(Edm.String)\" />\r\n        <Property Name=\"Name\" Type=\"Edm.String\" />\r\n        <Property Name=\"NameSpace\" Type=\"Edm.String\" />\r\n        <Property Name=\"SortOrder\" Type=\"Edm.Int32\" Nullable=\"false\" />\r\n        <NavigationProperty Name=\"Components\" Type=\"Collection(Sitecore.Commerce.Core.Component)\" />\r\n        <NavigationProperty Name=\"Policies\" Type=\"Collection(Sitecore.Commerce.Core.Policy)\" />\r\n      </EntityType>\r\n      <EntityType Name=\"PaymentOption\">\r\n        <Key>\r\n          <PropertyRef Name=\"Id\" />\r\n        </Key>\r\n        <Property Name=\"PaymentOptionType\" Type=\"Sitecore.Commerce.Plugin.Payments.PaymentOptionType\" />\r\n        <Property Name=\"CreatedBy\" Type=\"Edm.String\" />\r\n        <Property Name=\"DateCreated\" Type=\"Edm.DateTimeOffset\" Nullable=\"false\" />\r\n        <Property Name=\"DateDeleted\" Type=\"Edm.DateTimeOffset\" Nullable=\"false\" />\r\n        <Property Name=\"DateUpdated\" Type=\"Edm.DateTimeOffset\" Nullable=\"false\" />\r\n        <Property Name=\"Description\" Type=\"Sitecore.Commerce.Core.Localized_1OfString\" />\r\n        <Property Name=\"DisplayName\" Type=\"Edm.String\" />\r\n        <Property Name=\"FriendlyId\" Type=\"Edm.String\" />\r\n        <Property Name=\"Id\" Type=\"Edm.String\" Nullable=\"false\" />\r\n        <Property Name=\"IsDeleted\" Type=\"Edm.Boolean\" Nullable=\"false\" />\r\n        <Property Name=\"IsPersisted\" Type=\"Edm.Boolean\" Nullable=\"false\" />\r\n        <Property Name=\"ListMemberships\" Type=\"Collection(Edm.String)\" />\r\n        <Property Name=\"Name\" Type=\"Edm.String\" />\r\n        <Property Name=\"NameSpace\" Type=\"Edm.String\" />\r\n        <Property Name=\"SortOrder\" Type=\"Edm.Int32\" Nullable=\"false\" />\r\n        <NavigationProperty Name=\"Components\" Type=\"Collection(Sitecore.Commerce.Core.Component)\" />\r\n        <NavigationProperty Name=\"Policies\" Type=\"Collection(Sitecore.Commerce.Core.Policy)\" />\r\n      </EntityType>\r\n      <EntityType Name=\"CreditCardPaymentMethod\" BaseType=\"Sitecore.Commerce.Plugin.Payments.PaymentMethod\">\r\n        <Property Name=\"CardType\" Type=\"Edm.String\" />\r\n      </EntityType>\r\n      <EntityType Name=\"GiftCardPaymentMethod\" BaseType=\"Sitecore.Commerce.Plugin.Payments.PaymentMethod\">\r\n        <Property Name=\"GiftCardId\" Type=\"Edm.String\" />\r\n        <Property Name=\"IsValid\" Type=\"Edm.Boolean\" Nullable=\"false\" />\r\n        <Property Name=\"CurrentBalance\" Type=\"Sitecore.Commerce.Core.Money\" />\r\n      </EntityType>\r\n      <EntityType Name=\"PayPalPaymentMethod\" BaseType=\"Sitecore.Commerce.Plugin.Payments.PaymentMethod\">\r\n        <Property Name=\"IpnId\" Type=\"Edm.String\" />\r\n      </EntityType>\r\n      <ComplexType Name=\"PaymentOptionType\">\r\n        <Property Name=\"Value\" Type=\"Edm.Int32\" Nullable=\"false\" />\r\n        <Property Name=\"Name\" Type=\"Edm.String\" />\r\n      </ComplexType>\r\n    </Schema>\r\n    <Schema Namespace=\"Sitecore.Commerce.Plugin.Pricing\" xmlns=\"http://docs.oasis-open.org/api/ns/edm\">\r\n      <EntityType Name=\"DynamicPrice\">\r\n        <Key>\r\n          <PropertyRef Name=\"ItemId\" />\r\n        </Key>\r\n        <Property Name=\"ItemId\" Type=\"Edm.String\" Nullable=\"false\" />\r\n        <Property Name=\"ActiveDate\" Type=\"Edm.DateTimeOffset\" Nullable=\"false\" />\r\n        <Property Name=\"BasePrice\" Type=\"Sitecore.Commerce.Core.Money\" />\r\n        <Property Name=\"AdjustedPrice\" Type=\"Sitecore.Commerce.Core.Money\" />\r\n        <Property Name=\"TradeAgreementPrice\" Type=\"Sitecore.Commerce.Core.Money\" />\r\n        <Property Name=\"UnitOfMeasure\" Type=\"Edm.String\" />\r\n        <Property Name=\"IsSellable\" Type=\"Edm.Boolean\" Nullable=\"false\" />\r\n        <NavigationProperty Name=\"Adjustments\" Type=\"Collection(Sitecore.Commerce.Plugin.Pricing.AwardedAdjustment)\" />\r\n      </EntityType>\r\n      <EntityType Name=\"ItemDetailsForPricing\">\r\n        <Key>\r\n          <PropertyRef Name=\"Id\" />\r\n        </Key>\r\n        <Property Name=\"ItemId\" Type=\"Edm.String\" />\r\n        <Property Name=\"BasePrice\" Type=\"Sitecore.Commerce.Core.Money\" />\r\n        <Property Name=\"IsSellable\" Type=\"Edm.Boolean\" Nullable=\"false\" />\r\n        <Property Name=\"UnitOfMeasure\" Type=\"Edm.String\" />\r\n        <Property Name=\"CreatedBy\" Type=\"Edm.String\" />\r\n        <Property Name=\"DateCreated\" Type=\"Edm.DateTimeOffset\" Nullable=\"false\" />\r\n        <Property Name=\"DateDeleted\" Type=\"Edm.DateTimeOffset\" Nullable=\"false\" />\r\n        <Property Name=\"DateUpdated\" Type=\"Edm.DateTimeOffset\" Nullable=\"false\" />\r\n        <Property Name=\"Description\" Type=\"Sitecore.Commerce.Core.Localized_1OfString\" />\r\n        <Property Name=\"DisplayName\" Type=\"Edm.String\" />\r\n        <Property Name=\"FriendlyId\" Type=\"Edm.String\" />\r\n        <Property Name=\"Id\" Type=\"Edm.String\" Nullable=\"false\" />\r\n        <Property Name=\"IsDeleted\" Type=\"Edm.Boolean\" Nullable=\"false\" />\r\n        <Property Name=\"IsPersisted\" Type=\"Edm.Boolean\" Nullable=\"false\" />\r\n        <Property Name=\"ListMemberships\" Type=\"Collection(Edm.String)\" />\r\n        <Property Name=\"Name\" Type=\"Edm.String\" />\r\n        <Property Name=\"NameSpace\" Type=\"Edm.String\" />\r\n        <Property Name=\"SortOrder\" Type=\"Edm.Int32\" Nullable=\"false\" />\r\n        <NavigationProperty Name=\"Adjustments\" Type=\"Collection(Sitecore.Commerce.Plugin.Pricing.AwardedAdjustment)\" />\r\n        <NavigationProperty Name=\"Components\" Type=\"Collection(Sitecore.Commerce.Core.Component)\" />\r\n        <NavigationProperty Name=\"Policies\" Type=\"Collection(Sitecore.Commerce.Core.Policy)\" />\r\n      </EntityType>\r\n      <EntityType Name=\"AwardedAdjustment\" BaseType=\"Sitecore.Commerce.Core.Component\">\r\n        <Property Name=\"AdjustmentDefinitionId\" Type=\"Edm.String\" />\r\n        <Property Name=\"Adjustment\" Type=\"Sitecore.Commerce.Core.Money\" />\r\n      </EntityType>\r\n    </Schema>\r\n    <Schema Namespace=\"Sitecore.Commerce.Plugin.Delivery\" xmlns=\"http://docs.oasis-open.org/api/ns/edm\">\r\n      <EntityType Name=\"DeliveryMethod\">\r\n        <Key>\r\n          <PropertyRef Name=\"Id\" />\r\n        </Key>\r\n        <Property Name=\"PerOrderPrice\" Type=\"Sitecore.Commerce.Core.Money\" />\r\n        <Property Name=\"PerItemPrice\" Type=\"Sitecore.Commerce.Core.Money\" />\r\n        <Property Name=\"PerWeightPrice\" Type=\"Sitecore.Commerce.Core.Money\" />\r\n        <Property Name=\"Cost\" Type=\"Sitecore.Commerce.Core.Money\" />\r\n        <Property Name=\"CostType\" Type=\"Edm.String\" />\r\n        <Property Name=\"CostCurrency\" Type=\"Edm.String\" />\r\n        <Property Name=\"CreatedBy\" Type=\"Edm.String\" />\r\n        <Property Name=\"DateCreated\" Type=\"Edm.DateTimeOffset\" Nullable=\"false\" />\r\n        <Property Name=\"DateDeleted\" Type=\"Edm.DateTimeOffset\" Nullable=\"false\" />\r\n        <Property Name=\"DateUpdated\" Type=\"Edm.DateTimeOffset\" Nullable=\"false\" />\r\n        <Property Name=\"Description\" Type=\"Sitecore.Commerce.Core.Localized_1OfString\" />\r\n        <Property Name=\"DisplayName\" Type=\"Edm.String\" />\r\n        <Property Name=\"FriendlyId\" Type=\"Edm.String\" />\r\n        <Property Name=\"Id\" Type=\"Edm.String\" Nullable=\"false\" />\r\n        <Property Name=\"IsDeleted\" Type=\"Edm.Boolean\" Nullable=\"false\" />\r\n        <Property Name=\"IsPersisted\" Type=\"Edm.Boolean\" Nullable=\"false\" />\r\n        <Property Name=\"ListMemberships\" Type=\"Collection(Edm.String)\" />\r\n        <Property Name=\"Name\" Type=\"Edm.String\" />\r\n        <Property Name=\"NameSpace\" Type=\"Edm.String\" />\r\n        <Property Name=\"SortOrder\" Type=\"Edm.Int32\" Nullable=\"false\" />\r\n        <NavigationProperty Name=\"Components\" Type=\"Collection(Sitecore.Commerce.Core.Component)\" />\r\n        <NavigationProperty Name=\"Policies\" Type=\"Collection(Sitecore.Commerce.Core.Policy)\" />\r\n      </EntityType>\r\n      <EntityType Name=\"DeliveryOption\">\r\n        <Key>\r\n          <PropertyRef Name=\"Id\" />\r\n        </Key>\r\n        <Property Name=\"CostType\" Type=\"Edm.String\" />\r\n        <Property Name=\"Cost\" Type=\"Sitecore.Commerce.Core.Money\" />\r\n        <Property Name=\"CreatedBy\" Type=\"Edm.String\" />\r\n        <Property Name=\"DateCreated\" Type=\"Edm.DateTimeOffset\" Nullable=\"false\" />\r\n        <Property Name=\"DateDeleted\" Type=\"Edm.DateTimeOffset\" Nullable=\"false\" />\r\n        <Property Name=\"DateUpdated\" Type=\"Edm.DateTimeOffset\" Nullable=\"false\" />\r\n        <Property Name=\"Description\" Type=\"Sitecore.Commerce.Core.Localized_1OfString\" />\r\n        <Property Name=\"DisplayName\" Type=\"Edm.String\" />\r\n        <Property Name=\"FriendlyId\" Type=\"Edm.String\" />\r\n        <Property Name=\"Id\" Type=\"Edm.String\" Nullable=\"false\" />\r\n        <Property Name=\"IsDeleted\" Type=\"Edm.Boolean\" Nullable=\"false\" />\r\n        <Property Name=\"IsPersisted\" Type=\"Edm.Boolean\" Nullable=\"false\" />\r\n        <Property Name=\"ListMemberships\" Type=\"Collection(Edm.String)\" />\r\n        <Property Name=\"Name\" Type=\"Edm.String\" />\r\n        <Property Name=\"NameSpace\" Type=\"Edm.String\" />\r\n        <Property Name=\"SortOrder\" Type=\"Edm.Int32\" Nullable=\"false\" />\r\n        <NavigationProperty Name=\"ChildDeliveryOptions\" Type=\"Collection(Sitecore.Commerce.Plugin.Delivery.DeliveryOption)\" />\r\n        <NavigationProperty Name=\"Components\" Type=\"Collection(Sitecore.Commerce.Core.Component)\" />\r\n        <NavigationProperty Name=\"Policies\" Type=\"Collection(Sitecore.Commerce.Core.Policy)\" />\r\n      </EntityType>\r\n      <EntityType Name=\"DeliveryComponent\" BaseType=\"Sitecore.Commerce.Core.Component\">\r\n        <NavigationProperty Name=\"SelectedDeliveryOption\" Type=\"Sitecore.Commerce.Plugin.Delivery.SelectedDeliveryOption\" />\r\n        <NavigationProperty Name=\"Shipments\" Type=\"Collection(Sitecore.Commerce.Core.EntityReference)\" />\r\n      </EntityType>\r\n      <EntityType Name=\"ShippingCostComponent\" BaseType=\"Sitecore.Commerce.Core.Component\">\r\n        <Property Name=\"ShippingCharge\" Type=\"Sitecore.Commerce.Core.Money\" />\r\n        <NavigationProperty Name=\"ShippingMethod\" Type=\"Sitecore.Commerce.Plugin.Delivery.DeliveryMethod\" />\r\n      </EntityType>\r\n      <EntityType Name=\"SelectedDeliveryOption\">\r\n        <Key>\r\n          <PropertyRef Name=\"SelectedDeliveryOptionId\" />\r\n        </Key>\r\n        <Property Name=\"SelectedDeliveryOptionId\" Type=\"Edm.String\" Nullable=\"false\" />\r\n        <Property Name=\"ChildDeliveryOptionId\" Type=\"Edm.String\" />\r\n        <NavigationProperty Name=\"DeliveryOption\" Type=\"Sitecore.Commerce.Core.EntityReference\" />\r\n      </EntityType>\r\n      <EntityType Name=\"LineDeliveryOption\">\r\n        <Key>\r\n          <PropertyRef Name=\"LineDeliveryOptionId\" />\r\n        </Key>\r\n        <Property Name=\"LineDeliveryOptionId\" Type=\"Edm.String\" Nullable=\"false\" />\r\n        <Property Name=\"LineId\" Type=\"Edm.String\" />\r\n        <NavigationProperty Name=\"SelectedDeliveryOption\" Type=\"Sitecore.Commerce.Plugin.Delivery.SelectedDeliveryOption\" />\r\n      </EntityType>\r\n      <EntityType Name=\"ElectronicDeliveryOption\" BaseType=\"Sitecore.Commerce.Plugin.Delivery.SelectedDeliveryOption\">\r\n        <Property Name=\"EmailAddress\" Type=\"Edm.String\" />\r\n        <Property Name=\"EmailContent\" Type=\"Edm.String\" />\r\n      </EntityType>\r\n      <EntityType Name=\"ShipToAddressDeliveryOption\" BaseType=\"Sitecore.Commerce.Plugin.Delivery.SelectedDeliveryOption\">\r\n        <NavigationProperty Name=\"ShippingMethod\" Type=\"Sitecore.Commerce.Core.EntityReference\" />\r\n        <NavigationProperty Name=\"ShippingAddress\" Type=\"Sitecore.Commerce.Core.Address\" />\r\n        <NavigationProperty Name=\"PrimaryDeliveryCenter\" Type=\"Sitecore.Commerce.Core.EntityReference\" />\r\n      </EntityType>\r\n      <EntityType Name=\"SplitDeliveryOption\" BaseType=\"Sitecore.Commerce.Plugin.Delivery.SelectedDeliveryOption\" />\r\n    </Schema>\r\n    <Schema Namespace=\"Sitecore.Commerce.Core\" xmlns=\"http://docs.oasis-open.org/api/ns/edm\">\r\n      <EntityType Name=\"Component\">\r\n        <Key>\r\n          <PropertyRef Name=\"Id\" />\r\n        </Key>\r\n        <Property Name=\"Id\" Type=\"Edm.String\" Nullable=\"false\" />\r\n        <Property Name=\"Name\" Type=\"Edm.String\" />\r\n        <Property Name=\"DisplayName\" Type=\"Edm.String\" />\r\n        <Property Name=\"Comments\" Type=\"Edm.String\" />\r\n        <Property Name=\"View\" Type=\"Edm.String\" />\r\n        <Property Name=\"FriendlyId\" Type=\"Edm.String\" />\r\n        <Property Name=\"DateCreated\" Type=\"Edm.DateTimeOffset\" Nullable=\"false\" />\r\n        <Property Name=\"DateUpdated\" Type=\"Edm.DateTimeOffset\" Nullable=\"false\" />\r\n        <NavigationProperty Name=\"Policies\" Type=\"Collection(Sitecore.Commerce.Core.Policy)\" />\r\n        <NavigationProperty Name=\"Components\" Type=\"Collection(Sitecore.Commerce.Core.Component)\" />\r\n      </EntityType>\r\n      <EntityType Name=\"Address\">\r\n        <Key>\r\n          <PropertyRef Name=\"Id\" />\r\n        </Key>\r\n        <Property Name=\"AddressName\" Type=\"Edm.String\" />\r\n        <Property Name=\"City\" Type=\"Edm.String\" />\r\n        <Property Name=\"Telephone\" Type=\"Edm.String\" />\r\n        <Property Name=\"Email\" Type=\"Edm.String\" />\r\n        <Property Name=\"StateProvinceCode\" Type=\"Edm.String\" />\r\n        <Property Name=\"StateProvinceName\" Type=\"Edm.String\" />\r\n        <Property Name=\"Organization\" Type=\"Edm.String\" />\r\n        <Property Name=\"FirstName\" Type=\"Edm.String\" />\r\n        <Property Name=\"LastName\" Type=\"Edm.String\" />\r\n        <Property Name=\"CountryName\" Type=\"Edm.String\" />\r\n        <Property Name=\"CountryCode\" Type=\"Edm.String\" />\r\n        <Property Name=\"Line1\" Type=\"Edm.String\" />\r\n        <Property Name=\"Line2\" Type=\"Edm.String\" />\r\n        <Property Name=\"PostalCode\" Type=\"Edm.String\" />\r\n        <Property Name=\"ZoneId\" Type=\"Edm.String\" />\r\n        <Property Name=\"CreatedBy\" Type=\"Edm.String\" />\r\n        <Property Name=\"DateCreated\" Type=\"Edm.DateTimeOffset\" Nullable=\"false\" />\r\n        <Property Name=\"DateDeleted\" Type=\"Edm.DateTimeOffset\" Nullable=\"false\" />\r\n        <Property Name=\"DateUpdated\" Type=\"Edm.DateTimeOffset\" Nullable=\"false\" />\r\n        <Property Name=\"Description\" Type=\"Sitecore.Commerce.Core.Localized_1OfString\" />\r\n        <Property Name=\"DisplayName\" Type=\"Edm.String\" />\r\n        <Property Name=\"FriendlyId\" Type=\"Edm.String\" />\r\n        <Property Name=\"Id\" Type=\"Edm.String\" Nullable=\"false\" />\r\n        <Property Name=\"IsDeleted\" Type=\"Edm.Boolean\" Nullable=\"false\" />\r\n        <Property Name=\"IsPersisted\" Type=\"Edm.Boolean\" Nullable=\"false\" />\r\n        <Property Name=\"ListMemberships\" Type=\"Collection(Edm.String)\" />\r\n        <Property Name=\"Name\" Type=\"Edm.String\" />\r\n        <Property Name=\"NameSpace\" Type=\"Edm.String\" />\r\n        <Property Name=\"SortOrder\" Type=\"Edm.Int32\" Nullable=\"false\" />\r\n        <NavigationProperty Name=\"Components\" Type=\"Collection(Sitecore.Commerce.Core.Component)\" />\r\n        <NavigationProperty Name=\"Policies\" Type=\"Collection(Sitecore.Commerce.Core.Policy)\" />\r\n      </EntityType>\r\n      <ComplexType Name=\"Money\">\r\n        <Property Name=\"CurrencyCode\" Type=\"Edm.String\" />\r\n        <Property Name=\"Amount\" Type=\"Edm.Decimal\" Nullable=\"false\" />\r\n      </ComplexType>\r\n      <EntityType Name=\"Policy\">\r\n        <Key>\r\n          <PropertyRef Name=\"Id\" />\r\n        </Key>\r\n        <Property Name=\"Id\" Type=\"Edm.Int32\" Nullable=\"false\" />\r\n        <Property Name=\"EffectiveDate\" Type=\"Edm.DateTimeOffset\" Nullable=\"false\" />\r\n        <Property Name=\"Version\" Type=\"Edm.String\" />\r\n        <Property Name=\"VersionComments\" Type=\"Edm.String\" />\r\n        <Property Name=\"IsVisible\" Type=\"Edm.Boolean\" Nullable=\"false\" />\r\n        <Property Name=\"View\" Type=\"Edm.String\" />\r\n      </EntityType>\r\n      <ComplexType Name=\"Image\">\r\n        <Property Name=\"ImageName\" Type=\"Edm.String\" />\r\n        <Property Name=\"Url\" Type=\"Edm.String\" />\r\n        <Property Name=\"AltText\" Type=\"Sitecore.Commerce.Core.Localized_1OfString\" />\r\n        <Property Name=\"Width\" Type=\"Edm.Double\" Nullable=\"false\" />\r\n        <Property Name=\"Height\" Type=\"Edm.Double\" Nullable=\"false\" />\r\n      </ComplexType>\r\n      <ComplexType Name=\"Localized_1OfString\">\r\n        <Property Name=\"Id\" Type=\"Edm.Int32\" Nullable=\"false\" />\r\n        <Property Name=\"Values\" Type=\"Collection(Sitecore.Commerce.Core.Parameter)\" />\r\n      </ComplexType>\r\n      <ComplexType Name=\"Parameter\">\r\n        <Property Name=\"Key\" Type=\"Edm.String\" />\r\n      </ComplexType>\r\n      <EntityType Name=\"EntityReference\">\r\n        <Key>\r\n          <PropertyRef Name=\"EntityId\" />\r\n        </Key>\r\n        <Property Name=\"Name\" Type=\"Edm.String\" />\r\n        <Property Name=\"EntityId\" Type=\"Edm.String\" Nullable=\"false\" />\r\n        <Property Name=\"Quantity\" Type=\"Edm.Decimal\" Nullable=\"false\" />\r\n        <NavigationProperty Name=\"Policies\" Type=\"Collection(Sitecore.Commerce.Core.Policy)\" />\r\n        <NavigationProperty Name=\"Components\" Type=\"Collection(Sitecore.Commerce.Core.Component)\" />\r\n      </EntityType>\r\n    </Schema>\r\n    <Schema Namespace=\"System\" xmlns=\"http://docs.oasis-open.org/api/ns/edm\">\r\n      <EntityType Name=\"Nullable_1OfDateTime\" />\r\n    </Schema>\r\n    <Schema Namespace=\"Sitecore.Commerce.Orders.OData.Models\" xmlns=\"http://docs.oasis-open.org/api/ns/edm\">\r\n      <Function Name=\"GetCart\" IsComposable=\"true\">\r\n        <Parameter Name=\"shopName\" Type=\"Edm.String\" Unicode=\"false\" />\r\n        <Parameter Name=\"{{ShopperId}}\" Type=\"Edm.String\" Unicode=\"false\" />\r\n        <Parameter Name=\"id\" Type=\"Edm.String\" Unicode=\"false\" />\r\n        <ReturnType Type=\"Sitecore.Commerce.Plugin.Carts.Cart\" Nullable=\"false\" />\r\n      </Function>\r\n      <Function Name=\"CartList\" IsComposable=\"true\">\r\n        <Parameter Name=\"skip\" Type=\"Edm.Int32\" Nullable=\"false\" />\r\n        <Parameter Name=\"take\" Type=\"Edm.Int32\" Nullable=\"false\" />\r\n        <ReturnType Type=\"Collection(Sitecore.Commerce.Plugin.Carts.Cart)\" Nullable=\"false\" />\r\n      </Function>\r\n      <Action Name=\"AddCartLines\" IsBound=\"true\">\r\n        <Parameter Name=\"cart\" Type=\"Sitecore.Commerce.Plugin.Carts.Cart\" />\r\n        <Parameter Name=\"shopName\" Type=\"Edm.String\" Unicode=\"false\" />\r\n        <Parameter Name=\"{{ShopperId}}\" Type=\"Edm.String\" Unicode=\"false\" />\r\n        <Parameter Name=\"id\" Type=\"Edm.String\" Unicode=\"false\" />\r\n        <Parameter Name=\"cartLines\" Type=\"Collection(Sitecore.Commerce.Plugin.Carts.CartLineComponent)\" />\r\n        <ReturnType Type=\"Sitecore.Commerce.Plugin.Carts.Cart\" Nullable=\"false\" />\r\n      </Action>\r\n      <Action Name=\"AddCartLine\" IsBound=\"true\">\r\n        <Parameter Name=\"cart\" Type=\"Sitecore.Commerce.Plugin.Carts.Cart\" />\r\n        <Parameter Name=\"shopName\" Type=\"Edm.String\" Unicode=\"false\" />\r\n        <Parameter Name=\"{{ShopperId}}\" Type=\"Edm.String\" Unicode=\"false\" />\r\n        <Parameter Name=\"id\" Type=\"Edm.String\" Unicode=\"false\" />\r\n        <Parameter Name=\"cartLine\" Type=\"Sitecore.Commerce.Plugin.Carts.CartLineComponent\" />\r\n        <ReturnType Type=\"Sitecore.Commerce.Plugin.Carts.Cart\" Nullable=\"false\" />\r\n      </Action>\r\n      <Action Name=\"UpdateCartLines\" IsBound=\"true\">\r\n        <Parameter Name=\"cart\" Type=\"Sitecore.Commerce.Plugin.Carts.Cart\" />\r\n        <Parameter Name=\"shopName\" Type=\"Edm.String\" Unicode=\"false\" />\r\n        <Parameter Name=\"{{ShopperId}}\" Type=\"Edm.String\" Unicode=\"false\" />\r\n        <Parameter Name=\"id\" Type=\"Edm.String\" Unicode=\"false\" />\r\n        <Parameter Name=\"cartLines\" Type=\"Collection(Sitecore.Commerce.Plugin.Carts.CartLineComponent)\" />\r\n        <ReturnType Type=\"Sitecore.Commerce.Plugin.Carts.Cart\" Nullable=\"false\" />\r\n      </Action>\r\n      <Action Name=\"RemoveCartLines\" IsBound=\"true\">\r\n        <Parameter Name=\"cart\" Type=\"Sitecore.Commerce.Plugin.Carts.Cart\" />\r\n        <Parameter Name=\"shopName\" Type=\"Edm.String\" Unicode=\"false\" />\r\n        <Parameter Name=\"{{ShopperId}}\" Type=\"Edm.String\" Unicode=\"false\" />\r\n        <Parameter Name=\"id\" Type=\"Edm.String\" Unicode=\"false\" />\r\n        <Parameter Name=\"cartLines\" Type=\"Collection(Sitecore.Commerce.Plugin.Carts.CartLineComponent)\" />\r\n        <ReturnType Type=\"Sitecore.Commerce.Plugin.Carts.Cart\" Nullable=\"false\" />\r\n      </Action>\r\n      <Function Name=\"GetPaymentMethods\" IsComposable=\"true\">\r\n        <Parameter Name=\"cart\" Type=\"Sitecore.Commerce.Plugin.Carts.Cart\" />\r\n        <ReturnType Type=\"Collection(Sitecore.Commerce.Plugin.Payments.PaymentMethod)\" Nullable=\"false\" />\r\n      </Function>\r\n      <Function Name=\"GetPaymentOptions\" IsComposable=\"true\">\r\n        <Parameter Name=\"cart\" Type=\"Sitecore.Commerce.Plugin.Carts.Cart\" />\r\n        <ReturnType Type=\"Collection(Sitecore.Commerce.Plugin.Payments.PaymentOption)\" Nullable=\"false\" />\r\n      </Function>\r\n      <Function Name=\"GetPricing\" IsComposable=\"true\">\r\n        <Parameter Name=\"listingIds\" Type=\"Collection(Sitecore.Commerce.Plugin.Pricing.ItemDetailsForPricing)\" />\r\n        <Parameter Name=\"{{CustomerId}}\" Type=\"Edm.String\" Unicode=\"false\" />\r\n        <Parameter Name=\"date\" Type=\"System.Nullable_1OfDateTime\" />\r\n        <ReturnType Type=\"Collection(Sitecore.Commerce.Plugin.Pricing.DynamicPrice)\" Nullable=\"false\" />\r\n      </Function>\r\n      <Function Name=\"GetDeliveryMethods\" IsComposable=\"true\">\r\n        <Parameter Name=\"shopName\" Type=\"Edm.String\" Unicode=\"false\" />\r\n        <Parameter Name=\"{{ShopperId}}\" Type=\"Edm.String\" Unicode=\"false\" />\r\n        <Parameter Name=\"id\" Type=\"Edm.String\" Unicode=\"false\" />\r\n        <Parameter Name=\"address\" Type=\"Sitecore.Commerce.Core.Address\" />\r\n        <ReturnType Type=\"Collection(Sitecore.Commerce.Plugin.Delivery.DeliveryMethod)\" Nullable=\"false\" />\r\n      </Function>\r\n      <Function Name=\"GetDeliveryOptions\" IsComposable=\"true\">\r\n        <Parameter Name=\"shopName\" Type=\"Edm.String\" Unicode=\"false\" />\r\n        <Parameter Name=\"{{ShopperId}}\" Type=\"Edm.String\" Unicode=\"false\" />\r\n        <Parameter Name=\"id\" Type=\"Edm.String\" Unicode=\"false\" />\r\n        <Parameter Name=\"lines\" Type=\"Collection(Sitecore.Commerce.Plugin.Carts.CartLineComponent)\" />\r\n        <ReturnType Type=\"Collection(Sitecore.Commerce.Plugin.Delivery.DeliveryOption)\" Nullable=\"false\" />\r\n      </Function>\r\n      <Action Name=\"SetCartDeliveryOption\" IsBound=\"true\">\r\n        <Parameter Name=\"cart\" Type=\"Sitecore.Commerce.Plugin.Carts.Cart\" />\r\n        <Parameter Name=\"shopName\" Type=\"Edm.String\" Unicode=\"false\" />\r\n        <Parameter Name=\"{{ShopperId}}\" Type=\"Edm.String\" Unicode=\"false\" />\r\n        <Parameter Name=\"id\" Type=\"Edm.String\" Unicode=\"false\" />\r\n        <Parameter Name=\"selectedDeliveryOption\" Type=\"Sitecore.Commerce.Plugin.Delivery.SelectedDeliveryOption\" />\r\n        <ReturnType Type=\"Sitecore.Commerce.Plugin.Carts.Cart\" Nullable=\"false\" />\r\n      </Action>\r\n      <Action Name=\"SetCartLinesDeleveryOption\" IsBound=\"true\">\r\n        <Parameter Name=\"cart\" Type=\"Sitecore.Commerce.Plugin.Carts.Cart\" />\r\n        <Parameter Name=\"shopName\" Type=\"Edm.String\" Unicode=\"false\" />\r\n        <Parameter Name=\"{{ShopperId}}\" Type=\"Edm.String\" Unicode=\"false\" />\r\n        <Parameter Name=\"id\" Type=\"Edm.String\" Unicode=\"false\" />\r\n        <Parameter Name=\"linesDeliveryOptions\" Type=\"Collection(Sitecore.Commerce.Plugin.Delivery.LineDeliveryOption)\" />\r\n        <ReturnType Type=\"Sitecore.Commerce.Plugin.Carts.Cart\" Nullable=\"false\" />\r\n      </Action>\r\n      <Action Name=\"UpdateCartShippingAddress\" IsBound=\"true\">\r\n        <Parameter Name=\"cart\" Type=\"Sitecore.Commerce.Plugin.Carts.Cart\" />\r\n        <Parameter Name=\"shopName\" Type=\"Edm.String\" Unicode=\"false\" />\r\n        <Parameter Name=\"{{ShopperId}}\" Type=\"Edm.String\" Unicode=\"false\" />\r\n        <Parameter Name=\"id\" Type=\"Edm.String\" Unicode=\"false\" />\r\n        <Parameter Name=\"shippingAddress\" Type=\"Sitecore.Commerce.Core.Address\" />\r\n        <ReturnType Type=\"Sitecore.Commerce.Plugin.Carts.Cart\" Nullable=\"false\" />\r\n      </Action>\r\n      <EntityContainer Name=\"Container\">\r\n        <EntitySet Name=\"Carts\" EntityType=\"Sitecore.Commerce.Plugin.Carts.Cart\" />\r\n        <EntitySet Name=\"PaymentMethods\" EntityType=\"Sitecore.Commerce.Plugin.Payments.PaymentMethod\" />\r\n        <EntitySet Name=\"PaymentOptions\" EntityType=\"Sitecore.Commerce.Plugin.Payments.PaymentOption\" />\r\n        <EntitySet Name=\"DynamicPrices\" EntityType=\"Sitecore.Commerce.Plugin.Pricing.DynamicPrice\" />\r\n        <EntitySet Name=\"DeliveryMethods\" EntityType=\"Sitecore.Commerce.Plugin.Delivery.DeliveryMethod\" />\r\n        <EntitySet Name=\"DeliveryOptions\" EntityType=\"Sitecore.Commerce.Plugin.Delivery.DeliveryOption\">\r\n          <NavigationPropertyBinding Path=\"ChildDeliveryOptions\" Target=\"DeliveryOptions\" />\r\n        </EntitySet>\r\n        <EntitySet Name=\"DeliveryComponents\" EntityType=\"Sitecore.Commerce.Plugin.Delivery.DeliveryComponent\" />\r\n        <EntitySet Name=\"ShippingCostComponents\" EntityType=\"Sitecore.Commerce.Plugin.Delivery.ShippingCostComponent\">\r\n          <NavigationPropertyBinding Path=\"ShippingMethod\" Target=\"DeliveryMethods\" />\r\n        </EntitySet>\r\n        <FunctionImport Name=\"GetCart\" Function=\"Sitecore.Commerce.Orders.OData.Models.GetCart\" EntitySet=\"Carts\" IncludeInServiceDocument=\"true\" />\r\n        <FunctionImport Name=\"CartList\" Function=\"Sitecore.Commerce.Orders.OData.Models.CartList\" EntitySet=\"Carts\" IncludeInServiceDocument=\"true\" />\r\n        <FunctionImport Name=\"GetPaymentMethods\" Function=\"Sitecore.Commerce.Orders.OData.Models.GetPaymentMethods\" EntitySet=\"PaymentMethods\" IncludeInServiceDocument=\"true\" />\r\n        <FunctionImport Name=\"GetPaymentOptions\" Function=\"Sitecore.Commerce.Orders.OData.Models.GetPaymentOptions\" EntitySet=\"PaymentOptions\" IncludeInServiceDocument=\"true\" />\r\n        <FunctionImport Name=\"GetPricing\" Function=\"Sitecore.Commerce.Orders.OData.Models.GetPricing\" EntitySet=\"DynamicPrices\" IncludeInServiceDocument=\"true\" />\r\n        <FunctionImport Name=\"GetDeliveryMethods\" Function=\"Sitecore.Commerce.Orders.OData.Models.GetDeliveryMethods\" EntitySet=\"DeliveryMethods\" IncludeInServiceDocument=\"true\" />\r\n        <FunctionImport Name=\"GetDeliveryOptions\" Function=\"Sitecore.Commerce.Orders.OData.Models.GetDeliveryOptions\" EntitySet=\"DeliveryOptions\" IncludeInServiceDocument=\"true\" />\r\n      </EntityContainer>\r\n    </Schema>\r\n  </edmx:DataServices>\r\n</edmx:Edmx>",
					"rawDataType": "text",
					"owner": "195787"
				}
			],
			"preRequestScript": "",
			"tests": "",
			"collection_id": "66d05a5c-a693-e435-ce37-263e5a489d9f",
			"pathVariables": {}
		},
		{
			"id": "83c04c7a-fc38-a6fb-8e58-cc0571ff215f",
			"headers": "Content-Type: application/json\nAuthorization: {{SitecoreIdToken}}\nShopName: {{ShopName}}\nEnvironment: {{Environment}}\n",
			"url": "{{OpsApiHost}}/{{ShopsApi}}/RemovePolicy()",
			"preRequestScript": "",
			"pathVariables": {},
			"method": "PUT",
			"data": [],
			"dataMode": "raw",
			"tests": "",
			"currentHelper": "normal",
			"helperAttributes": {},
			"time": 1489156777422,
			"name": "Remove policy",
			"description": "",
			"collectionId": "ed6696eb-0774-ebcd-f6dd-49c39c9f3df0",
			"responses": [],
			"rawModeData": "{\n    \"policyType\": \"Sitecore.Commerce.Plugin.Preorderable.GlobalPreorderablePolicy, Sitecore.Commerce.Plugin.Preorderable\",\n    \"entityId\": \"Entity-PolicySet-GlobalCartPolicies\",\n    \"policyId\": \"2bf7a46e853243aeb06124c7851de158\"\n}\n",
			"folder": "44c48762-2903-06fd-ffa5-99b2de03cfa3",
			"collection_id": "ed6696eb-0774-ebcd-f6dd-49c39c9f3df0"
		},
		{
			"id": "957f05da-422b-de7c-05a8-54f842fffb93",
			"headers": "Content-Type: application/json\nEnvironment: GlobalEnvironment\n",
			"headerData": [
				{
					"key": "Content-Type",
					"value": "application/json",
					"description": "",
					"enabled": true
				},
				{
					"key": "Environment",
					"value": "GlobalEnvironment",
					"description": "",
					"enabled": true
				}
			],
			"url": "{{ServiceHost}}/{{ShopsApi}}/GetEnvironmentsView()",
			"queryParams": [],
			"preRequestScript": "",
			"pathVariables": {},
			"pathVariableData": [],
			"method": "GET",
			"data": [],
			"dataMode": "params",
			"version": 2,
			"tests": "",
			"currentHelper": "normal",
			"helperAttributes": {},
			"time": 1497358635248,
			"name": "Get Environments",
			"description": "",
			"collectionId": "ed6696eb-0774-ebcd-f6dd-49c39c9f3df0",
			"responses": [],
			"collection_id": "ed6696eb-0774-ebcd-f6dd-49c39c9f3df0",
			"folder": "8d90da3b-3a27-f57b-f5cb-2a099ba996f5"
		},
		{
			"id": "9c7c0c25-ca0c-da22-8e22-310a9f7c2416",
			"headers": "Content-Type: application/json\nShopName: {{ShopName}}\nEnvironment: {{Environment}}\nAuthorization: {{SitecoreIdToken}}\n",
			"url": "{{ServiceHost}}/{{ShopsApi}}/ClearEnvironmentCache()",
			"preRequestScript": "",
			"pathVariables": {},
			"method": "PUT",
			"data": [],
			"dataMode": "raw",
			"tests": "",
			"currentHelper": "normal",
			"helperAttributes": {},
			"time": 1489071804104,
			"name": "Clear environment cache",
			"description": "",
			"collectionId": "ed6696eb-0774-ebcd-f6dd-49c39c9f3df0",
			"responses": [],
			"rawModeData": "{\n  \"environmentName\": \"\"\n}\n",
			"folder": "032a21cf-f9c4-b9cb-9352-8383dc217640",
			"collection_id": "ed6696eb-0774-ebcd-f6dd-49c39c9f3df0"
		},
		{
			"id": "b592f7eb-af93-26d7-3c1a-4585d7f9b753",
			"headers": "Content-Type: application/json\nAuthorization: {{SitecoreIdToken}}\nShopName: {{ShopName}}\nEnvironment: {{Environment}}\n",
			"url": "{{OpsApiHost}}/{{ShopsApi}}/AddPolicy()",
			"preRequestScript": "",
			"pathVariables": {},
			"method": "PUT",
			"data": [],
			"dataMode": "raw",
			"tests": "",
			"currentHelper": "normal",
			"helperAttributes": {},
			"time": 1489156739352,
			"name": "Add policy",
			"description": "",
			"collectionId": "ed6696eb-0774-ebcd-f6dd-49c39c9f3df0",
			"responses": [],
			"rawModeData": "{\n    \"policy\": {\n    \t\"PolicyId\": \"2bf7a46e853243aeb06124c7851de158\",\n    \t\"PreorderableAvailabilityExpires\": 8\n    },\n    \"policyType\": \"Sitecore.Commerce.Plugin.Preorderable.GlobalPreorderablePolicy, Sitecore.Commerce.Plugin.Preorderable\",\n    \"entityId\": \"Entity-PolicySet-GlobalCartPolicies\"\n}\n",
			"folder": "44c48762-2903-06fd-ffa5-99b2de03cfa3",
			"collection_id": "ed6696eb-0774-ebcd-f6dd-49c39c9f3df0"
		},
		{
			"id": "c5020cf5-7a47-77c6-c9d7-ef277aa03de5",
			"headers": "Content-Type: application/json\nAuthorization: {{SitecoreIdToken}}\nEnvironment: {{Environment}}\nShopName: {{ShopName}}\n",
			"url": "{{OpsApiHost}}/{{ShopsApi}}/PolicySets('GlobalCartPolicies')",
			"preRequestScript": "",
			"pathVariables": {},
			"method": "GET",
			"data": [],
			"dataMode": "params",
			"tests": "",
			"currentHelper": "normal",
			"helperAttributes": {},
			"time": 1489071765460,
			"name": "Get Policy Set",
			"collectionId": "ed6696eb-0774-ebcd-f6dd-49c39c9f3df0",
			"responses": [],
			"folder": "44c48762-2903-06fd-ffa5-99b2de03cfa3",
			"collection_id": "ed6696eb-0774-ebcd-f6dd-49c39c9f3df0"
		},
		{
			"id": "eef4b137-06e5-50d4-95bd-d063d7d08940",
			"headers": "Content-Type: application/json\nShopName: {{ShopName}}\nEnvironment: {{Environment}}\n",
			"url": "{{ServiceHost}}/{{ShopsApi}}/GetEnvironmentArtifactStoreId()",
			"preRequestScript": "",
			"pathVariables": {},
			"method": "GET",
			"data": [],
			"dataMode": "params",
			"tests": "",
			"currentHelper": "normal",
			"helperAttributes": {},
			"time": 1485440495648,
			"name": "Get Environment ArtifactStoreId",
			"description": "",
			"collectionId": "ed6696eb-0774-ebcd-f6dd-49c39c9f3df0",
			"responses": [],
			"folder": "31112850-ac9a-a447-d16f-78cb5d15ed96",
			"collection_id": "ed6696eb-0774-ebcd-f6dd-49c39c9f3df0"
		}
	]
}