{
  "id": "5a20e704-3129-edfe-6a5a-760381708fae",
  "name": "AdventureWorks Environment",
  "values": [
    {
      "enabled": true,
      "key": "Environment",
      "value": "AdventureWorksAuthoring",
      "type": "text"
    },
    {
      "enabled": true,
      "key": "ShopName",
      "value": "CommerceEngineDefaultStorefront",
      "type": "text"
    },
    {
      "enabled": true,
      "key": "ShopperId",
      "value": "ShopperId",
      "type": "text"
    },
    {
      "enabled": true,
      "key": "Language",
      "value": "en-US",
      "type": "text"
    },
    {
      "enabled": true,
      "key": "Currency",
      "value": "USD",
      "type": "text"
    },
    {
      "enabled": true,
      "key": "ServiceHost",
      "value": "{{Protocol}}://{{HostName}}:5000",
      "type": "text"
    },
    {
      "enabled": true,
      "key": "ShopsApi",
      "value": "api",
      "type": "text"
    },
    {
      "enabled": true,
      "key": "OpsApi",
      "value": "commerceops",
      "type": "text"
    },
    {
      "enabled": true,
      "key": "OpsApiHost",
      "value": "{{Protocol}}://{{HostName}}:5000",
      "type": "text"
    },
    {
      "enabled": true,
      "key": "AuthoringHost",
      "value": "{{Protocol}}://{{HostName}}:5000",
      "type": "text"
    },
    {
      "enabled": true,
      "key": "MinionsHost",
      "value": "{{Protocol}}://{{HostName}}:5000",
      "type": "text"
    },
    {
      "enabled": true,
      "key": "ShopsHost",
      "value": "{{Protocol}}://{{HostName}}:5000",
      "type": "text"
    },
    {
      "enabled": true,
      "key": "SitecoreIdServerHost",
      "value": "{{Protocol}}://{{HostName}}:5050",
      "type": "text"
    },
    {
      "enabled": true,
      "key": "SitecoreIdServerUserName",
      "value": "sitecore\\admin",
      "type": "text"
    },
    {
      "enabled": true,
      "key": "SitecoreIdServerPassword",
      "value": "b",
      "type": "text"
    },
    {
      "enabled": true,
      "key": "GeoLocation",
      "value": "IpAddress=1.0.0.0",
      "type": "text"
    },
    {
      "enabled": true,
      "key": "ShopsEnvironment",
      "value": "AdventureWorksShops",
      "type": "text"
    },
    {
      "enabled": true,
      "key": "MinionsEnvironment",
      "value": "AdventureWorksMinions",
      "type": "text"
    },
    {
      "enabled": true,
      "key": "Protocol",
      "value": "https",
      "type": "text"
    },
    {
      "enabled": true,
      "key": "HostName",
      "value": "localhost",
      "type": "text"
    }
  ],
  "timestamp": 1513178357657,
  "_postman_variable_scope": "environment",
  "_postman_exported_at": "2017-12-13T15:19:19.832Z",
  "_postman_exported_using": "Postman/5.3.2"
}