{
	"id": "8f4b5c52-4f4c-4fc6-bb83-05e50dc14304",
	"name": "InventoryAPISamples",
	"description": null,
	"auth": null,
	"events": null,
	"variables": null,
	"order": [],
	"folders_order": [
		"ae530246-62cd-40a3-844e-8e2cf0a70f43",
		"a9d41ad0-6a94-4447-bb6d-776cd64b45ce",
		"932b364c-9441-4b5f-be98-8d597f2e7caf"
	],
	"folders": [
		{
			"id": "ae530246-62cd-40a3-844e-8e2cf0a70f43",
			"name": "Inventory - API",
			"description": null,
			"auth": null,
			"events": null,
			"collection": "8f4b5c52-4f4c-4fc6-bb83-05e50dc14304",
			"folder": null,
			"order": [
				"d2996778-8e10-4ead-ac47-1c6b767dc738",
				"69591cbd-6a37-4140-b77a-5426fb326e2e",
				"618ade16-6c94-4b0f-9a5e-9777a18e99a8",
				"b1eb6b8d-2c2a-4392-9816-15b8c3231bcd",
				"afdcfffd-94e1-4f44-8295-3a9c40ca7c78",
				"3a78246a-d46f-4bda-bb50-a9b801cb7995"
			],
			"folders_order": []
		},
		{
			"id": "a9d41ad0-6a94-4447-bb6d-776cd64b45ce",
			"name": "Inventory - DoActions",
			"description": null,
			"auth": null,
			"events": null,
			"collection": "8f4b5c52-4f4c-4fc6-bb83-05e50dc14304",
			"folder": null,
			"order": [
				"b9a12739-133f-46a8-817e-9371bee84bec",
				"31395490-38b8-44ac-93a5-01aee3575ffc",
				"a77d34f8-5ae2-4170-96e2-7823063e8af7",
				"2e957c4d-db7a-4950-af2f-47e7feb80bf3",
				"2d617cc0-a46c-4e57-b1dd-0536a020e5cc",
				"ddbb0de0-f149-4400-9b90-4067c548243d",
				"30cb7acd-3240-485c-954f-e7a3b98d1dd4",
				"75e406df-d340-4cfb-a8f4-e12ae2a03d73"
			],
			"folders_order": []
		},
		{
			"id": "932b364c-9441-4b5f-be98-8d597f2e7caf",
			"name": "Inventory - Views",
			"description": null,
			"auth": null,
			"events": null,
			"collection": "8f4b5c52-4f4c-4fc6-bb83-05e50dc14304",
			"folder": null,
			"order": [
				"ab97623f-9607-413e-b5ed-9e2e4a086dec",
				"93b4a79e-5f9e-4962-bca5-e42e03fd182a",
				"92c33045-e6a6-45db-8ba4-5cdc22fcbdee",
				"b99e7fc7-159e-4ae6-90ae-0d1f2c7589ba",
				"c28c6726-6d50-4507-875d-b499d6185f54",
				"cc86a66c-447c-404f-ac92-572fa891ad29",
				"27aff251-ec7b-4c18-a224-f962a222c558",
				"5dd89dca-d380-4f7c-a03d-a2534a85c984"
			],
			"folders_order": []
		}
	],
	"requests": [
		{
			"id": "27aff251-ec7b-4c18-a224-f962a222c558",
			"name": "Inventory SKU - Details - For Disassociate Sellable Item",
			"url": "{{ServiceHost}}/{{ShopsApi}}/GetEntityView()",
			"description": null,
			"data": [],
			"dataMode": "raw",
			"headerData": [
				{
					"key": "Content-Type",
					"value": "application/json"
				},
				{
					"key": "ShopName",
					"value": "{{ShopName}}"
				},
				{
					"key": "ShopperId",
					"value": "{{ShopperId}}"
				},
				{
					"key": "Language",
					"value": "{{Language}}"
				},
				{
					"key": "Currency",
					"value": "{{Currency}}"
				},
				{
					"key": "Environment",
					"value": "{{Environment}}"
				},
				{
					"key": "GeoLocation",
					"value": "{{GeoLocation}}"
				},
				{
					"key": "CustomerId",
					"value": "{{CustomerId}}"
				},
				{
					"key": "Authorization",
					"value": "{{SitecoreIdToken}}"
				}
			],
			"method": "PUT",
			"pathVariableData": [],
			"queryParams": [],
			"auth": null,
			"events": null,
			"folder": "932b364c-9441-4b5f-be98-8d597f2e7caf",
			"rawModeData": "{\n    \"entityId\":\"{{InventorySetId}}\",\n    \"itemId\":\"{{SellableItemId}}\",\n    \"viewName\":\"\",\n    \"forAction\":\"DisassociateSellableItem\"\n}",
			"headers": "Content-Type: application/json\nShopName: {{ShopName}}\nShopperId: {{ShopperId}}\nLanguage: {{Language}}\nCurrency: {{Currency}}\nEnvironment: {{Environment}}\nGeoLocation: {{GeoLocation}}\nCustomerId: {{CustomerId}}\nAuthorization: {{SitecoreIdToken}}\n",
			"pathVariables": {}
		},
		{
			"id": "2d617cc0-a46c-4e57-b1dd-0536a020e5cc",
			"name": "Disassociate Sellable Item from Inventory Set",
			"url": "{{ServiceHost}}/{{ShopsApi}}/DoUxAction()",
			"description": null,
			"data": [],
			"dataMode": "raw",
			"headerData": [
				{
					"key": "Content-Type",
					"value": "application/json"
				},
				{
					"key": "ShopName",
					"value": "{{ShopName}}"
				},
				{
					"key": "ShopperId",
					"value": "{{ShopperId}}"
				},
				{
					"key": "Language",
					"value": "{{Language}}"
				},
				{
					"key": "Currency",
					"value": "{{Currency}}"
				},
				{
					"key": "Environment",
					"value": "{{Environment}}"
				},
				{
					"key": "GeoLocation",
					"value": "{{GeoLocation}}"
				},
				{
					"key": "CustomerId",
					"value": "{{CustomerId}}"
				},
				{
					"key": "Authorization",
					"value": "{{SitecoreIdToken}}"
				}
			],
			"method": "PUT",
			"pathVariableData": [],
			"queryParams": [],
			"auth": null,
			"events": null,
			"folder": "a9d41ad0-6a94-4447-bb6d-776cd64b45ce",
			"rawModeData": "{\n    \"@odata.context\": \"http://localhost:5000/Api/$metadata#Sitecore.Commerce.EntityViews.EntityView\",\n    \"@odata.type\": \"#Sitecore.Commerce.EntityViews.EntityView\",\n    \"Name\": \"\",\n    \"Policies\": [],\n    \"DisplayName\": null,\n    \"EntityId\": \"{{InventorySetId}}\",\n    \"Action\": \"DisassociateSellableItem\",\n    \"ItemId\": \"{{SellableItemId}}\",\n    \"Properties\": [\n        {\n            \"Name\": \"Version\",\n            \"Policies\": [],\n            \"DisplayName\": \"Version\",\n            \"Value\": \"2\",\n            \"IsHidden\": true,\n            \"OriginalType\": \"System.Int32\",\n            \"IsReadOnly\": true,\n            \"UiType\": \"\",\n            \"IsRequired\": true\n        }\n    ],\n    \"ChildViews\": [],\n    \"DisplayRank\": 500,\n    \"UiHint\": \"Flat\",\n    \"Icon\": \"dashboard\"\n}",
			"headers": "Content-Type: application/json\nShopName: {{ShopName}}\nShopperId: {{ShopperId}}\nLanguage: {{Language}}\nCurrency: {{Currency}}\nEnvironment: {{Environment}}\nGeoLocation: {{GeoLocation}}\nCustomerId: {{CustomerId}}\nAuthorization: {{SitecoreIdToken}}\n",
			"pathVariables": {}
		},
		{
			"id": "2e957c4d-db7a-4950-af2f-47e7feb80bf3",
			"name": "Associate Sellable Item to Inventory Set (preorderable & backorderable)",
			"url": "{{ServiceHost}}/{{ShopsApi}}/DoUxAction()",
			"description": null,
			"data": [],
			"dataMode": "raw",
			"headerData": [
				{
					"key": "Content-Type",
					"value": "application/json"
				},
				{
					"key": "ShopName",
					"value": "{{ShopName}}"
				},
				{
					"key": "ShopperId",
					"value": "{{ShopperId}}"
				},
				{
					"key": "Language",
					"value": "{{Language}}"
				},
				{
					"key": "Currency",
					"value": "{{Currency}}"
				},
				{
					"key": "Environment",
					"value": "{{Environment}}"
				},
				{
					"key": "GeoLocation",
					"value": "{{GeoLocation}}"
				},
				{
					"key": "CustomerId",
					"value": "{{CustomerId}}"
				},
				{
					"key": "Authorization",
					"value": "{{SitecoreIdToken}}"
				}
			],
			"method": "PUT",
			"pathVariableData": [],
			"queryParams": [],
			"auth": null,
			"events": null,
			"folder": "a9d41ad0-6a94-4447-bb6d-776cd64b45ce",
			"rawModeData": "{\n    \"@odata.context\": \"http://localhost:5000/Api/$metadata#Sitecore.Commerce.EntityViews.EntityView\",\n    \"@odata.type\": \"#Sitecore.Commerce.EntityViews.EntityView\",\n    \"Name\": \"AssociateSellableItem\",\n    \"Policies\": [],\n    \"DisplayName\": \"AssociateSellableItem\",\n    \"EntityId\": \"{{InventorySetId}}\",\n    \"Action\": \"AssociateSellableItem\",\n    \"ItemId\": \"\",\n    \"Properties\": [\n        {\n            \"Name\": \"Version\",\n            \"Policies\": [],\n            \"DisplayName\": \"Version\",\n            \"Value\": \"2\",\n            \"IsHidden\": true,\n            \"OriginalType\": \"System.Int32\",\n            \"IsReadOnly\": true,\n            \"UiType\": \"\",\n            \"IsRequired\": true\n        },\n        {\n            \"Name\": \"SellableItem\",\n            \"Policies\": [],\n            \"DisplayName\": \"SellableItem\",\n            \"Value\": \"{{SellableItemId}}\",\n            \"IsHidden\": false,\n            \"OriginalType\": \"System.String\",\n            \"IsReadOnly\": false,\n            \"UiType\": \"\",\n            \"IsRequired\": true\n        },\n        {\n            \"Name\": \"Quantity\",\n            \"Policies\": [],\n            \"DisplayName\": \"Quantity\",\n            \"Value\": \"100\",\n            \"IsHidden\": false,\n            \"OriginalType\": \"System.Int32\",\n            \"IsReadOnly\": false,\n            \"UiType\": \"\",\n            \"IsRequired\": true\n        },\n        {\n            \"Name\": \"Preorderable\",\n            \"Policies\": [],\n            \"DisplayName\": \"Preorderable\",\n            \"Value\": \"true\",\n            \"IsHidden\": false,\n            \"OriginalType\": \"System.Boolean\",\n            \"IsReadOnly\": false,\n            \"UiType\": \"\",\n            \"IsRequired\": true\n        },\n        {\n            \"Name\": \"PreorderAvailabilityDate\",\n            \"Policies\": [],\n            \"DisplayName\": \"PreorderAvailabilityDate\",\n            \"Value\": \"07/12/2017 13:10:51 +00:00\",\n            \"IsHidden\": false,\n            \"OriginalType\": \"System.DateTimeOffset\",\n            \"IsReadOnly\": false,\n            \"UiType\": \"\",\n            \"IsRequired\": true\n        },\n        {\n            \"Name\": \"PreorderLimit\",\n            \"Policies\": [],\n            \"DisplayName\": \"PreorderLimit\",\n            \"Value\": \"0\",\n            \"IsHidden\": false,\n            \"OriginalType\": \"System.Int32\",\n            \"IsReadOnly\": false,\n            \"UiType\": \"\",\n            \"IsRequired\": true\n        },\n        {\n            \"Name\": \"Backorderable\",\n            \"Policies\": [],\n            \"DisplayName\": \"Backorderable\",\n            \"Value\": \"true\",\n            \"IsHidden\": false,\n            \"OriginalType\": \"System.Boolean\",\n            \"IsReadOnly\": false,\n            \"UiType\": \"\",\n            \"IsRequired\": true\n        },\n        {\n            \"Name\": \"BackorderAvailabilityDate\",\n            \"Policies\": [],\n            \"DisplayName\": \"BackorderAvailabilityDate\",\n            \"Value\": \"07/12/2017 13:10:51 +00:00\",\n            \"IsHidden\": false,\n            \"OriginalType\": \"System.DateTimeOffset\",\n            \"IsReadOnly\": false,\n            \"UiType\": \"\",\n            \"IsRequired\": true\n        },\n        {\n            \"Name\": \"BackorderLimit\",\n            \"Policies\": [],\n            \"DisplayName\": \"BackorderLimit\",\n            \"Value\": \"0\",\n            \"IsHidden\": false,\n            \"OriginalType\": \"System.Int32\",\n            \"IsReadOnly\": false,\n            \"UiType\": \"\",\n            \"IsRequired\": true\n        }\n    ],\n    \"ChildViews\": [],\n    \"DisplayRank\": 500,\n    \"UiHint\": \"Flat\",\n    \"Icon\": \"dashboard\"\n}",
			"headers": "Content-Type: application/json\nShopName: {{ShopName}}\nShopperId: {{ShopperId}}\nLanguage: {{Language}}\nCurrency: {{Currency}}\nEnvironment: {{Environment}}\nGeoLocation: {{GeoLocation}}\nCustomerId: {{CustomerId}}\nAuthorization: {{SitecoreIdToken}}\n",
			"pathVariables": {}
		},
		{
			"id": "30cb7acd-3240-485c-954f-e7a3b98d1dd4",
			"name": "Associate Catalog to Inventory Set",
			"url": "{{ServiceHost}}/{{ShopsApi}}/DoUxAction()",
			"description": null,
			"data": [],
			"dataMode": "raw",
			"headerData": [
				{
					"key": "Content-Type",
					"value": "application/json"
				},
				{
					"key": "ShopName",
					"value": "{{ShopName}}"
				},
				{
					"key": "ShopperId",
					"value": "{{ShopperId}}"
				},
				{
					"key": "Language",
					"value": "{{Language}}"
				},
				{
					"key": "Currency",
					"value": "{{Currency}}"
				},
				{
					"key": "Environment",
					"value": "{{Environment}}"
				},
				{
					"key": "GeoLocation",
					"value": "{{GeoLocation}}"
				},
				{
					"key": "CustomerId",
					"value": "{{CustomerId}}"
				},
				{
					"key": "Authorization",
					"value": "{{SitecoreIdToken}}"
				}
			],
			"method": "PUT",
			"pathVariableData": [],
			"queryParams": [],
			"auth": null,
			"events": null,
			"folder": "a9d41ad0-6a94-4447-bb6d-776cd64b45ce",
			"rawModeData": "{\n    \"@odata.context\": \"http://localhost:5000/Api/$metadata#Sitecore.Commerce.EntityViews.EntityView\",\n    \"@odata.type\": \"#Sitecore.Commerce.EntityViews.EntityView\",\n    \"Name\": \"InventorySetCatalogs\",\n    \"Policies\": [],\n    \"DisplayName\": \"Catalogs\",\n    \"EntityId\": \"{{InventorySetId}}\",\n    \"Action\": \"AssociateCatalog\",\n    \"ItemId\": \"\",\n    \"Properties\": [\n        {\n            \"Name\": \"Version\",\n            \"Policies\": [],\n            \"DisplayName\": \"Version\",\n            \"Value\": \"1\",\n            \"IsHidden\": true,\n            \"OriginalType\": \"System.Int32\",\n            \"IsReadOnly\": true,\n            \"UiType\": \"\",\n            \"IsRequired\": true\n        },\n        {\n            \"Name\": \"CatalogName\",\n            \"Policies\": [],\n            \"DisplayName\": \"Catalog Name\",\n            \"Value\": \"{{CatalogFriendlyId}}\",\n            \"IsHidden\": false,\n            \"OriginalType\": \"System.String\",\n            \"IsReadOnly\": false,\n            \"UiType\": \"\",\n            \"IsRequired\": true\n        }\n    ],\n    \"ChildViews\": [],\n    \"DisplayRank\": 500,\n    \"UiHint\": \"Flat\",\n    \"Icon\": \"chart_column_stacked\"\n}",
			"headers": "Content-Type: application/json\nShopName: {{ShopName}}\nShopperId: {{ShopperId}}\nLanguage: {{Language}}\nCurrency: {{Currency}}\nEnvironment: {{Environment}}\nGeoLocation: {{GeoLocation}}\nCustomerId: {{CustomerId}}\nAuthorization: {{SitecoreIdToken}}\n",
			"pathVariables": {}
		},
		{
			"id": "31395490-38b8-44ac-93a5-01aee3575ffc",
			"name": "Edit Inventory Set",
			"url": "{{ServiceHost}}/{{ShopsApi}}/DoUxAction()",
			"description": null,
			"data": [],
			"dataMode": "raw",
			"headerData": [
				{
					"key": "Content-Type",
					"value": "application/json"
				},
				{
					"key": "ShopName",
					"value": "{{ShopName}}"
				},
				{
					"key": "ShopperId",
					"value": "{{ShopperId}}"
				},
				{
					"key": "Language",
					"value": "{{Language}}"
				},
				{
					"key": "Currency",
					"value": "{{Currency}}"
				},
				{
					"key": "Environment",
					"value": "{{Environment}}"
				},
				{
					"key": "GeoLocation",
					"value": "{{GeoLocation}}"
				},
				{
					"key": "CustomerId",
					"value": "{{CustomerId}}"
				},
				{
					"key": "Authorization",
					"value": "{{SitecoreIdToken}}"
				}
			],
			"method": "PUT",
			"pathVariableData": [],
			"queryParams": [],
			"auth": null,
			"events": null,
			"folder": "a9d41ad0-6a94-4447-bb6d-776cd64b45ce",
			"rawModeData": "{\n    \"@odata.context\": \"http://localhost:5000/Api/$metadata#Sitecore.Commerce.EntityViews.EntityView\",\n    \"@odata.type\": \"#Sitecore.Commerce.EntityViews.EntityView\",\n    \"Name\": \"Details\",\n    \"Policies\": [],\n    \"DisplayName\": \"Details\",\n    \"EntityId\": \"{{InventorySetId}}\",\n    \"Action\": \"EditInventorySet\",\n    \"ItemId\": \"\",\n    \"Properties\": [\n        {\n            \"Name\": \"Version\",\n            \"Policies\": [],\n            \"DisplayName\": \"Version\",\n            \"Value\": \"1\",\n            \"IsHidden\": true,\n            \"OriginalType\": \"System.Int32\",\n            \"IsReadOnly\": true,\n            \"UiType\": \"\",\n            \"IsRequired\": true\n        },\n        {\n            \"Name\": \"Name\",\n            \"Policies\": [],\n            \"DisplayName\": \"Name\",\n            \"Value\": \"PostmanInventorySet\",\n            \"IsHidden\": true,\n            \"OriginalType\": \"System.String\",\n            \"IsReadOnly\": true,\n            \"UiType\": \"\",\n            \"IsRequired\": false\n        },\n        {\n            \"Name\": \"DisplayName\",\n            \"Policies\": [],\n            \"DisplayName\": \"Display Name\",\n            \"Value\": \"Postman Inventory Set (updated)\",\n            \"IsHidden\": false,\n            \"OriginalType\": \"System.String\",\n            \"IsReadOnly\": false,\n            \"UiType\": \"\",\n            \"IsRequired\": true\n        },\n        {\n            \"Name\": \"Description\",\n            \"Policies\": [],\n            \"DisplayName\": \"Description\",\n            \"Value\": \"Postman Inventory Set Description\",\n            \"IsHidden\": false,\n            \"OriginalType\": \"System.String\",\n            \"IsReadOnly\": false,\n            \"UiType\": \"\",\n            \"IsRequired\": false\n        }\n    ],\n    \"ChildViews\": [],\n    \"DisplayRank\": 500,\n    \"UiHint\": \"Flat\",\n    \"Icon\": \"chart_column_stacked\"\n}",
			"headers": "Content-Type: application/json\nShopName: {{ShopName}}\nShopperId: {{ShopperId}}\nLanguage: {{Language}}\nCurrency: {{Currency}}\nEnvironment: {{Environment}}\nGeoLocation: {{GeoLocation}}\nCustomerId: {{CustomerId}}\nAuthorization: {{SitecoreIdToken}}\n",
			"pathVariables": {}
		},
		{
			"id": "3a78246a-d46f-4bda-bb50-a9b801cb7995",
			"name": "Import Inventory Sets",
			"url": "{{ServiceHost}}/{{ShopsApi}}/ImportInventorySets()",
			"description": null,
			"data": [
				{
					"key": "importFile",
					"type": "file",
					"value": ""
				},
				{
					"key": "mode",
					"value": "replace",
					"type": "text"
				},
				{
					"key": "errorThreshold",
					"value": "10",
					"type": "text"
				}
			],
			"dataMode": "params",
			"headerData": [
				{
					"key": "Content-Type",
					"value": "application/json"
				},
				{
					"key": "ShopName",
					"value": "{{ShopName}}"
				},
				{
					"key": "ShopperId",
					"value": "{{ShopperId}}"
				},
				{
					"key": "Language",
					"value": "{{Language}}"
				},
				{
					"key": "Currency",
					"value": "{{Currency}}"
				},
				{
					"key": "Environment",
					"value": "{{Environment}}"
				},
				{
					"key": "GeoLocation",
					"value": "{{GeoLocation}}"
				},
				{
					"key": "CustomerId",
					"value": "{{CustomerId}}"
				},
				{
					"key": "Authorization",
					"value": "{{SitecoreIdToken}}"
				}
			],
			"method": "POST",
			"pathVariableData": [],
			"queryParams": [],
			"auth": null,
			"events": [
				{
					"listen": "test",
					"script": {
						"id": "ee16e7ba-dff0-441f-9fb7-6be08ed20795",
						"type": "text/javascript",
						"exec": [
							"var jsonData = JSON.parse(responseBody);",
							"",
							"postman.setGlobalVariable(\"LongRunningTaskId\", jsonData.TaskId);"
						]
					}
				}
			],
			"folder": "ae530246-62cd-40a3-844e-8e2cf0a70f43",
			"headers": "Content-Type: application/json\nShopName: {{ShopName}}\nShopperId: {{ShopperId}}\nLanguage: {{Language}}\nCurrency: {{Currency}}\nEnvironment: {{Environment}}\nGeoLocation: {{GeoLocation}}\nCustomerId: {{CustomerId}}\nAuthorization: {{SitecoreIdToken}}\n",
			"pathVariables": {}
		},
		{
			"id": "5dd89dca-d380-4f7c-a03d-a2534a85c984",
			"name": "Inventory SKU - Details - For Transfer",
			"url": "{{ServiceHost}}/{{ShopsApi}}/GetEntityView()",
			"description": null,
			"data": [],
			"dataMode": "raw",
			"headerData": [
				{
					"key": "Content-Type",
					"value": "application/json"
				},
				{
					"key": "ShopName",
					"value": "{{ShopName}}"
				},
				{
					"key": "ShopperId",
					"value": "{{ShopperId}}"
				},
				{
					"key": "Language",
					"value": "{{Language}}"
				},
				{
					"key": "Currency",
					"value": "{{Currency}}"
				},
				{
					"key": "Environment",
					"value": "{{Environment}}"
				},
				{
					"key": "GeoLocation",
					"value": "{{GeoLocation}}"
				},
				{
					"key": "CustomerId",
					"value": "{{CustomerId}}"
				},
				{
					"key": "Authorization",
					"value": "{{SitecoreIdToken}}"
				}
			],
			"method": "PUT",
			"pathVariableData": [],
			"queryParams": [],
			"auth": null,
			"events": null,
			"folder": "932b364c-9441-4b5f-be98-8d597f2e7caf",
			"rawModeData": "{\n    \"entityId\":\"{{InventorySetId}}\",\n    \"itemId\":\"{{SellableItemId}}\",\n    \"viewName\":\"TransferInventory\",\n    \"forAction\":\"TransferInventory\"\n}",
			"headers": "Content-Type: application/json\nShopName: {{ShopName}}\nShopperId: {{ShopperId}}\nLanguage: {{Language}}\nCurrency: {{Currency}}\nEnvironment: {{Environment}}\nGeoLocation: {{GeoLocation}}\nCustomerId: {{CustomerId}}\nAuthorization: {{SitecoreIdToken}}\n",
			"pathVariables": {}
		},
		{
			"id": "618ade16-6c94-4b0f-9a5e-9777a18e99a8",
			"name": "InventoryInformation (Habitat)",
			"url": "{{ServiceHost}}/{{ShopsApi}}/InventoryInformation('Habitat_Inventory-6042058-56042058')",
			"description": null,
			"data": [],
			"dataMode": "raw",
			"headerData": [
				{
					"key": "Content-Type",
					"value": "application/json"
				},
				{
					"key": "ShopName",
					"value": "{{ShopName}}"
				},
				{
					"key": "ShopperId",
					"value": "{{ShopperId}}"
				},
				{
					"key": "Language",
					"value": "{{Language}}"
				},
				{
					"key": "Currency",
					"value": "{{Currency}}"
				},
				{
					"key": "Environment",
					"value": "{{Environment}}"
				},
				{
					"key": "GeoLocation",
					"value": "{{GeoLocation}}"
				},
				{
					"key": "CustomerId",
					"value": "{{CustomerId}}"
				},
				{
					"key": "Authorization",
					"value": "{{SitecoreIdToken}}"
				}
			],
			"method": "GET",
			"pathVariableData": [],
			"queryParams": [],
			"auth": null,
			"events": null,
			"folder": "ae530246-62cd-40a3-844e-8e2cf0a70f43",
			"rawModeData": "",
			"headers": "Content-Type: application/json\nShopName: {{ShopName}}\nShopperId: {{ShopperId}}\nLanguage: {{Language}}\nCurrency: {{Currency}}\nEnvironment: {{Environment}}\nGeoLocation: {{GeoLocation}}\nCustomerId: {{CustomerId}}\nAuthorization: {{SitecoreIdToken}}\n",
			"pathVariables": {}
		},
		{
			"id": "69591cbd-6a37-4140-b77a-5426fb326e2e",
			"name": "InventorySet",
			"url": "{{ServiceHost}}/{{ShopsApi}}/InventorySets('{{InventorySetId}}')",
			"description": null,
			"data": [],
			"dataMode": "raw",
			"headerData": [
				{
					"key": "Content-Type",
					"value": "application/json"
				},
				{
					"key": "ShopName",
					"value": "{{ShopName}}"
				},
				{
					"key": "ShopperId",
					"value": "{{ShopperId}}"
				},
				{
					"key": "Language",
					"value": "{{Language}}"
				},
				{
					"key": "Currency",
					"value": "{{Currency}}"
				},
				{
					"key": "Environment",
					"value": "{{Environment}}"
				},
				{
					"key": "GeoLocation",
					"value": "{{GeoLocation}}"
				},
				{
					"key": "CustomerId",
					"value": "{{CustomerId}}"
				},
				{
					"key": "Authorization",
					"value": "{{SitecoreIdToken}}"
				}
			],
			"method": "GET",
			"pathVariableData": [],
			"queryParams": [],
			"auth": null,
			"events": null,
			"folder": "ae530246-62cd-40a3-844e-8e2cf0a70f43",
			"rawModeData": "",
			"headers": "Content-Type: application/json\nShopName: {{ShopName}}\nShopperId: {{ShopperId}}\nLanguage: {{Language}}\nCurrency: {{Currency}}\nEnvironment: {{Environment}}\nGeoLocation: {{GeoLocation}}\nCustomerId: {{CustomerId}}\nAuthorization: {{SitecoreIdToken}}\n",
			"pathVariables": {}
		},
		{
			"id": "75e406df-d340-4cfb-a8f4-e12ae2a03d73",
			"name": "Disassociate Catalog from Inventory Set",
			"url": "{{ServiceHost}}/{{ShopsApi}}/DoUxAction()",
			"description": null,
			"data": [],
			"dataMode": "raw",
			"headerData": [
				{
					"key": "Content-Type",
					"value": "application/json"
				},
				{
					"key": "ShopName",
					"value": "{{ShopName}}"
				},
				{
					"key": "ShopperId",
					"value": "{{ShopperId}}"
				},
				{
					"key": "Language",
					"value": "{{Language}}"
				},
				{
					"key": "Currency",
					"value": "{{Currency}}"
				},
				{
					"key": "Environment",
					"value": "{{Environment}}"
				},
				{
					"key": "GeoLocation",
					"value": "{{GeoLocation}}"
				},
				{
					"key": "CustomerId",
					"value": "{{CustomerId}}"
				},
				{
					"key": "Authorization",
					"value": "{{SitecoreIdToken}}"
				}
			],
			"method": "PUT",
			"pathVariableData": [],
			"queryParams": [],
			"auth": null,
			"events": null,
			"folder": "a9d41ad0-6a94-4447-bb6d-776cd64b45ce",
			"rawModeData": "{\n    \"@odata.context\": \"http://localhost:5000/Api/$metadata#Sitecore.Commerce.EntityViews.EntityView\",\n    \"@odata.type\": \"#Sitecore.Commerce.EntityViews.EntityView\",\n    \"Name\": \"\",\n    \"Policies\": [],\n    \"DisplayName\": \"\",\n    \"EntityId\": \"{{InventorySetId}}\",\n    \"Action\": \"DisassociateCatalog\",\n    \"ItemId\": \"{{CatalogFriendlyId}}\",\n    \"Properties\": [\n        {\n            \"Name\": \"Version\",\n            \"Policies\": [],\n            \"DisplayName\": \"Version\",\n            \"Value\": \"1\",\n            \"IsHidden\": true,\n            \"OriginalType\": \"System.Int32\",\n            \"IsReadOnly\": true,\n            \"UiType\": \"\",\n            \"IsRequired\": true\n        }\n    ],\n    \"ChildViews\": [],\n    \"DisplayRank\": 500,\n    \"UiHint\": \"Flat\",\n    \"Icon\": \"chart_column_stacked\"\n}",
			"headers": "Content-Type: application/json\nShopName: {{ShopName}}\nShopperId: {{ShopperId}}\nLanguage: {{Language}}\nCurrency: {{Currency}}\nEnvironment: {{Environment}}\nGeoLocation: {{GeoLocation}}\nCustomerId: {{CustomerId}}\nAuthorization: {{SitecoreIdToken}}\n",
			"pathVariables": {}
		},
		{
			"id": "92c33045-e6a6-45db-8ba4-5cdc22fcbdee",
			"name": "Inventory Set - Details - For Edit",
			"url": "{{ServiceHost}}/{{ShopsApi}}/GetEntityView()",
			"description": null,
			"data": [],
			"dataMode": "raw",
			"headerData": [
				{
					"key": "Content-Type",
					"value": "application/json"
				},
				{
					"key": "ShopName",
					"value": "{{ShopName}}"
				},
				{
					"key": "ShopperId",
					"value": "{{ShopperId}}"
				},
				{
					"key": "Language",
					"value": "{{Language}}"
				},
				{
					"key": "Currency",
					"value": "{{Currency}}"
				},
				{
					"key": "Environment",
					"value": "{{Environment}}"
				},
				{
					"key": "GeoLocation",
					"value": "{{GeoLocation}}"
				},
				{
					"key": "CustomerId",
					"value": "{{CustomerId}}"
				},
				{
					"key": "Authorization",
					"value": "{{SitecoreIdToken}}"
				}
			],
			"method": "PUT",
			"pathVariableData": [],
			"queryParams": [],
			"auth": null,
			"events": null,
			"folder": "932b364c-9441-4b5f-be98-8d597f2e7caf",
			"rawModeData": "{\n    \"entityId\":\"{{InventorySetId}}\",\n    \"viewName\":\"Details\",\n    \"forAction\":\"EditInventorySet\"\n}",
			"headers": "Content-Type: application/json\nShopName: {{ShopName}}\nShopperId: {{ShopperId}}\nLanguage: {{Language}}\nCurrency: {{Currency}}\nEnvironment: {{Environment}}\nGeoLocation: {{GeoLocation}}\nCustomerId: {{CustomerId}}\nAuthorization: {{SitecoreIdToken}}\n",
			"pathVariables": {}
		},
		{
			"id": "93b4a79e-5f9e-4962-bca5-e42e03fd182a",
			"name": "Inventory Set - Details - For Add",
			"url": "{{ServiceHost}}/{{ShopsApi}}/GetEntityView()",
			"description": null,
			"data": [],
			"dataMode": "raw",
			"headerData": [
				{
					"key": "Content-Type",
					"value": "application/json"
				},
				{
					"key": "ShopName",
					"value": "{{ShopName}}"
				},
				{
					"key": "ShopperId",
					"value": "{{ShopperId}}"
				},
				{
					"key": "Language",
					"value": "{{Language}}"
				},
				{
					"key": "Currency",
					"value": "{{Currency}}"
				},
				{
					"key": "Environment",
					"value": "{{Environment}}"
				},
				{
					"key": "GeoLocation",
					"value": "{{GeoLocation}}"
				},
				{
					"key": "CustomerId",
					"value": "{{CustomerId}}"
				},
				{
					"key": "Authorization",
					"value": "{{SitecoreIdToken}}"
				}
			],
			"method": "PUT",
			"pathVariableData": [],
			"queryParams": [],
			"auth": null,
			"events": null,
			"folder": "932b364c-9441-4b5f-be98-8d597f2e7caf",
			"rawModeData": "{\n    \"entityId\":\"\",\n    \"viewName\":\"Details\",\n    \"forAction\":\"AddInventorySet\"\n}",
			"headers": "Content-Type: application/json\nShopName: {{ShopName}}\nShopperId: {{ShopperId}}\nLanguage: {{Language}}\nCurrency: {{Currency}}\nEnvironment: {{Environment}}\nGeoLocation: {{GeoLocation}}\nCustomerId: {{CustomerId}}\nAuthorization: {{SitecoreIdToken}}\n",
			"pathVariables": {}
		},
		{
			"id": "a77d34f8-5ae2-4170-96e2-7823063e8af7",
			"name": "Associate Sellable Item to Inventory Set",
			"url": "{{ServiceHost}}/{{ShopsApi}}/DoUxAction()",
			"description": null,
			"data": [],
			"dataMode": "raw",
			"headerData": [
				{
					"key": "Content-Type",
					"value": "application/json"
				},
				{
					"key": "ShopName",
					"value": "{{ShopName}}"
				},
				{
					"key": "ShopperId",
					"value": "{{ShopperId}}"
				},
				{
					"key": "Language",
					"value": "{{Language}}"
				},
				{
					"key": "Currency",
					"value": "{{Currency}}"
				},
				{
					"key": "Environment",
					"value": "{{Environment}}"
				},
				{
					"key": "GeoLocation",
					"value": "{{GeoLocation}}"
				},
				{
					"key": "CustomerId",
					"value": "{{CustomerId}}"
				},
				{
					"key": "Authorization",
					"value": "{{SitecoreIdToken}}"
				}
			],
			"method": "PUT",
			"pathVariableData": [],
			"queryParams": [],
			"auth": null,
			"events": null,
			"folder": "a9d41ad0-6a94-4447-bb6d-776cd64b45ce",
			"rawModeData": "{\n    \"@odata.context\": \"http://localhost:5000/Api/$metadata#Sitecore.Commerce.EntityViews.EntityView\",\n    \"@odata.type\": \"#Sitecore.Commerce.EntityViews.EntityView\",\n    \"Name\": \"AssociateSellableItem\",\n    \"Policies\": [],\n    \"DisplayName\": \"AssociateSellableItem\",\n    \"EntityId\": \"{{InventorySetId}}\",\n    \"Action\": \"AssociateSellableItem\",\n    \"ItemId\": \"\",\n    \"Properties\": [\n        {\n            \"Name\": \"Version\",\n            \"Policies\": [],\n            \"DisplayName\": \"Version\",\n            \"Value\": \"2\",\n            \"IsHidden\": true,\n            \"OriginalType\": \"System.Int32\",\n            \"IsReadOnly\": true,\n            \"UiType\": \"\",\n            \"IsRequired\": true\n        },\n        {\n            \"Name\": \"SellableItem\",\n            \"Policies\": [],\n            \"DisplayName\": \"SellableItem\",\n            \"Value\": \"{{SellableItemId}}\",\n            \"IsHidden\": false,\n            \"OriginalType\": \"System.String\",\n            \"IsReadOnly\": false,\n            \"UiType\": \"\",\n            \"IsRequired\": true\n        },\n        {\n            \"Name\": \"Quantity\",\n            \"Policies\": [],\n            \"DisplayName\": \"Quantity\",\n            \"Value\": \"500\",\n            \"IsHidden\": false,\n            \"OriginalType\": \"System.Int32\",\n            \"IsReadOnly\": false,\n            \"UiType\": \"\",\n            \"IsRequired\": true\n        }\n    ],\n    \"ChildViews\": [],\n    \"DisplayRank\": 500,\n    \"UiHint\": \"Flat\",\n    \"Icon\": \"dashboard\"\n}",
			"headers": "Content-Type: application/json\nShopName: {{ShopName}}\nShopperId: {{ShopperId}}\nLanguage: {{Language}}\nCurrency: {{Currency}}\nEnvironment: {{Environment}}\nGeoLocation: {{GeoLocation}}\nCustomerId: {{CustomerId}}\nAuthorization: {{SitecoreIdToken}}\n",
			"pathVariables": {}
		},
		{
			"id": "ab97623f-9607-413e-b5ed-9e2e4a086dec",
			"name": "Inventory Dashboard",
			"url": "{{ServiceHost}}/{{ShopsApi}}/GetEntityView()",
			"description": null,
			"data": [],
			"dataMode": "raw",
			"headerData": [
				{
					"key": "Content-Type",
					"value": "application/json"
				},
				{
					"key": "ShopName",
					"value": "{{ShopName}}"
				},
				{
					"key": "ShopperId",
					"value": "{{ShopperId}}"
				},
				{
					"key": "Language",
					"value": "{{Language}}"
				},
				{
					"key": "Currency",
					"value": "{{Currency}}"
				},
				{
					"key": "Environment",
					"value": "{{Environment}}"
				},
				{
					"key": "GeoLocation",
					"value": "{{GeoLocation}}"
				},
				{
					"key": "CustomerId",
					"value": "{{CustomerId}}"
				},
				{
					"key": "Authorization",
					"value": "{{SitecoreIdToken}}"
				}
			],
			"method": "PUT",
			"pathVariableData": [],
			"queryParams": [],
			"auth": null,
			"events": null,
			"folder": "932b364c-9441-4b5f-be98-8d597f2e7caf",
			"rawModeData": "{\n    \"entityId\":\"\",\n    \"viewName\":\"InventoryDashboard\",\n    \"forAction\":\"\"\n}",
			"headers": "Content-Type: application/json\nShopName: {{ShopName}}\nShopperId: {{ShopperId}}\nLanguage: {{Language}}\nCurrency: {{Currency}}\nEnvironment: {{Environment}}\nGeoLocation: {{GeoLocation}}\nCustomerId: {{CustomerId}}\nAuthorization: {{SitecoreIdToken}}\n",
			"pathVariables": {}
		},
		{
			"id": "afdcfffd-94e1-4f44-8295-3a9c40ca7c78",
			"name": "Export Inventory Sets",
			"url": "{{ServiceHost}}/{{ShopsApi}}/ExportInventorySets",
			"description": null,
			"data": [],
			"dataMode": "raw",
			"headerData": [
				{
					"key": "Content-Type",
					"value": "application/json"
				},
				{
					"key": "ShopName",
					"value": "{{ShopName}}"
				},
				{
					"key": "ShopperId",
					"value": "{{ShopperId}}"
				},
				{
					"key": "Language",
					"value": "{{Language}}"
				},
				{
					"key": "Currency",
					"value": "{{Currency}}"
				},
				{
					"key": "Environment",
					"value": "{{Environment}}"
				},
				{
					"key": "GeoLocation",
					"value": "{{GeoLocation}}"
				},
				{
					"key": "CustomerId",
					"value": "{{CustomerId}}"
				},
				{
					"key": "Authorization",
					"value": "{{SitecoreIdToken}}"
				}
			],
			"method": "PUT",
			"pathVariableData": [],
			"queryParams": [],
			"auth": null,
			"events": null,
			"folder": "ae530246-62cd-40a3-844e-8e2cf0a70f43",
			"rawModeData": "{\n    \"fileName\":\"ExportInventorySets.zip\",\n    \"mode\":\"full\",\n    \"maximumItemsPerFile\":\"200\"\n}",
			"headers": "Content-Type: application/json\nShopName: {{ShopName}}\nShopperId: {{ShopperId}}\nLanguage: {{Language}}\nCurrency: {{Currency}}\nEnvironment: {{Environment}}\nGeoLocation: {{GeoLocation}}\nCustomerId: {{CustomerId}}\nAuthorization: {{SitecoreIdToken}}\n",
			"pathVariables": {}
		},
		{
			"id": "b1eb6b8d-2c2a-4392-9816-15b8c3231bcd",
			"name": "Lists - Inventory Set To Catalog Relationships",
			"url": "http://{{ServiceHost}}/{{ShopsApi}}/GetList(id='InventorySetToCatalog-{{InventorySetFriendlyId}}',type='Sitecore.Commerce.Plugin.Catalog.Catalog, Sitecore.Commerce.Plugin.Catalog',skip=0,take=100)?$expand=Items",
			"description": null,
			"data": [],
			"dataMode": "raw",
			"headerData": [
				{
					"key": "Content-Type",
					"value": "application/json"
				},
				{
					"key": "ShopName",
					"value": "{{ShopName}}"
				},
				{
					"key": "ShopperId",
					"value": "{{ShopperId}}"
				},
				{
					"key": "Language",
					"value": "{{Language}}"
				},
				{
					"key": "Currency",
					"value": "{{Currency}}"
				},
				{
					"key": "Environment",
					"value": "{{Environment}}"
				},
				{
					"key": "GeoLocation",
					"value": "{{GeoLocation}}"
				},
				{
					"key": "CustomerId",
					"value": "{{CustomerId}}"
				},
				{
					"key": "Authorization",
					"value": "{{SitecoreIdToken}}"
				}
			],
			"method": "GET",
			"pathVariableData": [],
			"queryParams": [
				{
					"key": "$expand",
					"value": "Items",
					"equals": true
				}
			],
			"auth": null,
			"events": null,
			"folder": "ae530246-62cd-40a3-844e-8e2cf0a70f43",
			"rawModeData": "",
			"headers": "Content-Type: application/json\nShopName: {{ShopName}}\nShopperId: {{ShopperId}}\nLanguage: {{Language}}\nCurrency: {{Currency}}\nEnvironment: {{Environment}}\nGeoLocation: {{GeoLocation}}\nCustomerId: {{CustomerId}}\nAuthorization: {{SitecoreIdToken}}\n",
			"pathVariables": {}
		},
		{
			"id": "b99e7fc7-159e-4ae6-90ae-0d1f2c7589ba",
			"name": "Inventory Set - Details - For Associate Catalog",
			"url": "{{ServiceHost}}/{{ShopsApi}}/GetEntityView()",
			"description": null,
			"data": [],
			"dataMode": "raw",
			"headerData": [
				{
					"key": "Content-Type",
					"value": "application/json"
				},
				{
					"key": "ShopName",
					"value": "{{ShopName}}"
				},
				{
					"key": "ShopperId",
					"value": "{{ShopperId}}"
				},
				{
					"key": "Language",
					"value": "{{Language}}"
				},
				{
					"key": "Currency",
					"value": "{{Currency}}"
				},
				{
					"key": "Environment",
					"value": "{{Environment}}"
				},
				{
					"key": "GeoLocation",
					"value": "{{GeoLocation}}"
				},
				{
					"key": "CustomerId",
					"value": "{{CustomerId}}"
				},
				{
					"key": "Authorization",
					"value": "{{SitecoreIdToken}}"
				}
			],
			"method": "PUT",
			"pathVariableData": [],
			"queryParams": [],
			"auth": null,
			"events": null,
			"folder": "932b364c-9441-4b5f-be98-8d597f2e7caf",
			"rawModeData": "{\n    \"entityId\":\"{{InventorySetId}}\",\n    \"viewName\":\"InventorySetCatalogs\",\n    \"forAction\":\"AssociateCatalog\"\n}",
			"headers": "Content-Type: application/json\nShopName: {{ShopName}}\nShopperId: {{ShopperId}}\nLanguage: {{Language}}\nCurrency: {{Currency}}\nEnvironment: {{Environment}}\nGeoLocation: {{GeoLocation}}\nCustomerId: {{CustomerId}}\nAuthorization: {{SitecoreIdToken}}\n",
			"pathVariables": {}
		},
		{
			"id": "b9a12739-133f-46a8-817e-9371bee84bec",
			"name": "Add Inventory Set",
			"url": "{{ServiceHost}}/{{ShopsApi}}/DoUxAction()",
			"description": null,
			"data": [],
			"dataMode": "raw",
			"headerData": [
				{
					"key": "Content-Type",
					"value": "application/json"
				},
				{
					"key": "ShopName",
					"value": "{{ShopName}}"
				},
				{
					"key": "ShopperId",
					"value": "{{ShopperId}}"
				},
				{
					"key": "Language",
					"value": "{{Language}}"
				},
				{
					"key": "Currency",
					"value": "{{Currency}}"
				},
				{
					"key": "Environment",
					"value": "{{Environment}}"
				},
				{
					"key": "GeoLocation",
					"value": "{{GeoLocation}}"
				},
				{
					"key": "CustomerId",
					"value": "{{CustomerId}}"
				},
				{
					"key": "Authorization",
					"value": "{{SitecoreIdToken}}"
				}
			],
			"method": "PUT",
			"pathVariableData": [],
			"queryParams": [],
			"auth": null,
			"events": [
				{
					"listen": "test",
					"script": {
						"type": "text/javascript",
						"exec": [
							"var jsonData = JSON.parse(responseBody);",
							"",
							"function findAddedEntity(model) {",
							"    return model['@odata.type'] === '#Sitecore.Commerce.Core.PersistedEntityModel' && model['Name'] === 'Sitecore.Commerce.Plugin.Inventory.InventorySet';",
							"}",
							"",
							"postman.setGlobalVariable(\"InventorySetId\", jsonData.Models.find(findAddedEntity).EntityId);",
							"postman.setGlobalVariable(\"InventorySetFriendlyId\", jsonData.Models.find(findAddedEntity).EntityFriendlyId);"
						]
					}
				}
			],
			"folder": "a9d41ad0-6a94-4447-bb6d-776cd64b45ce",
			"rawModeData": "{\n    \"@odata.context\": \"http://localhost:5000/Api/$metadata#Sitecore.Commerce.EntityViews.EntityView\",\n    \"@odata.type\": \"#Sitecore.Commerce.EntityViews.EntityView\",\n    \"Name\": \"Details\",\n    \"Policies\": [],\n    \"DisplayName\": \"Details\",\n    \"EntityId\": \"\",\n    \"Action\": \"AddInventorySet\",\n    \"ItemId\": \"\",\n    \"Properties\": [\n        {\n            \"Name\": \"Name\",\n            \"Policies\": [],\n            \"DisplayName\": \"Name\",\n            \"Value\": \"PostmanInventorySet\",\n            \"IsHidden\": false,\n            \"OriginalType\": \"System.String\",\n            \"IsReadOnly\": false,\n            \"UiType\": \"\",\n            \"IsRequired\": true\n        },\n        {\n            \"Name\": \"DisplayName\",\n            \"Policies\": [],\n            \"DisplayName\": \"Display Name\",\n            \"Value\": \"Postman Inventory Set\",\n            \"IsHidden\": false,\n            \"OriginalType\": \"System.String\",\n            \"IsReadOnly\": false,\n            \"UiType\": \"\",\n            \"IsRequired\": true\n        },\n        {\n            \"Name\": \"Description\",\n            \"Policies\": [],\n            \"DisplayName\": \"Description\",\n            \"Value\": \"Postman Inventory Set Description\",\n            \"IsHidden\": false,\n            \"OriginalType\": \"System.String\",\n            \"IsReadOnly\": false,\n            \"UiType\": \"\",\n            \"IsRequired\": true\n        }\n    ],\n    \"ChildViews\": [],\n    \"DisplayRank\": 500,\n    \"UiHint\": \"Flat\",\n    \"Icon\": \"dashboard\"\n}",
			"headers": "Content-Type: application/json\nShopName: {{ShopName}}\nShopperId: {{ShopperId}}\nLanguage: {{Language}}\nCurrency: {{Currency}}\nEnvironment: {{Environment}}\nGeoLocation: {{GeoLocation}}\nCustomerId: {{CustomerId}}\nAuthorization: {{SitecoreIdToken}}\n",
			"pathVariables": {}
		},
		{
			"id": "c28c6726-6d50-4507-875d-b499d6185f54",
			"name": "Inventory Set - Details - For Disassociate Catalog",
			"url": "{{ServiceHost}}/{{ShopsApi}}/GetEntityView()",
			"description": null,
			"data": [],
			"dataMode": "raw",
			"headerData": [
				{
					"key": "Content-Type",
					"value": "application/json"
				},
				{
					"key": "ShopName",
					"value": "{{ShopName}}"
				},
				{
					"key": "ShopperId",
					"value": "{{ShopperId}}"
				},
				{
					"key": "Language",
					"value": "{{Language}}"
				},
				{
					"key": "Currency",
					"value": "{{Currency}}"
				},
				{
					"key": "Environment",
					"value": "{{Environment}}"
				},
				{
					"key": "GeoLocation",
					"value": "{{GeoLocation}}"
				},
				{
					"key": "CustomerId",
					"value": "{{CustomerId}}"
				},
				{
					"key": "Authorization",
					"value": "{{SitecoreIdToken}}"
				}
			],
			"method": "PUT",
			"pathVariableData": [],
			"queryParams": [],
			"auth": null,
			"events": null,
			"folder": "932b364c-9441-4b5f-be98-8d597f2e7caf",
			"rawModeData": "{\n    \"entityId\":\"{{InventorySetId}}\",\n    \"itemId\":\"{{CatalogFriendlyId}}\",\n    \"viewName\":\"\",\n    \"forAction\":\"DisassociateCatalog\"\n}",
			"headers": "Content-Type: application/json\nShopName: {{ShopName}}\nShopperId: {{ShopperId}}\nLanguage: {{Language}}\nCurrency: {{Currency}}\nEnvironment: {{Environment}}\nGeoLocation: {{GeoLocation}}\nCustomerId: {{CustomerId}}\nAuthorization: {{SitecoreIdToken}}\n",
			"pathVariables": {}
		},
		{
			"id": "cc86a66c-447c-404f-ac92-572fa891ad29",
			"name": "Inventory SKU - Details - For Associate Sellable Item",
			"url": "{{ServiceHost}}/{{ShopsApi}}/GetEntityView()",
			"description": null,
			"data": [],
			"dataMode": "raw",
			"headerData": [
				{
					"key": "Content-Type",
					"value": "application/json"
				},
				{
					"key": "ShopName",
					"value": "{{ShopName}}"
				},
				{
					"key": "ShopperId",
					"value": "{{ShopperId}}"
				},
				{
					"key": "Language",
					"value": "{{Language}}"
				},
				{
					"key": "Currency",
					"value": "{{Currency}}"
				},
				{
					"key": "Environment",
					"value": "{{Environment}}"
				},
				{
					"key": "GeoLocation",
					"value": "{{GeoLocation}}"
				},
				{
					"key": "CustomerId",
					"value": "{{CustomerId}}"
				},
				{
					"key": "Authorization",
					"value": "{{SitecoreIdToken}}"
				}
			],
			"method": "PUT",
			"pathVariableData": [],
			"queryParams": [],
			"auth": null,
			"events": null,
			"folder": "932b364c-9441-4b5f-be98-8d597f2e7caf",
			"rawModeData": "{\n    \"entityId\":\"{{InventorySetId}}\",\n    \"viewName\":\"AssociateSellableItem\",\n    \"forAction\":\"AssociateSellableItem\"\n}",
			"headers": "Content-Type: application/json\nShopName: {{ShopName}}\nShopperId: {{ShopperId}}\nLanguage: {{Language}}\nCurrency: {{Currency}}\nEnvironment: {{Environment}}\nGeoLocation: {{GeoLocation}}\nCustomerId: {{CustomerId}}\nAuthorization: {{SitecoreIdToken}}\n",
			"pathVariables": {}
		},
		{
			"id": "d2996778-8e10-4ead-ac47-1c6b767dc738",
			"name": "InventorySets",
			"url": "{{ServiceHost}}/{{ShopsApi}}/InventorySets",
			"description": null,
			"data": [],
			"dataMode": "raw",
			"headerData": [
				{
					"key": "Content-Type",
					"value": "application/json"
				},
				{
					"key": "ShopName",
					"value": "{{ShopName}}"
				},
				{
					"key": "ShopperId",
					"value": "{{ShopperId}}"
				},
				{
					"key": "Language",
					"value": "{{Language}}"
				},
				{
					"key": "Currency",
					"value": "{{Currency}}"
				},
				{
					"key": "Environment",
					"value": "{{Environment}}"
				},
				{
					"key": "GeoLocation",
					"value": "{{GeoLocation}}"
				},
				{
					"key": "CustomerId",
					"value": "{{CustomerId}}"
				},
				{
					"key": "Authorization",
					"value": "{{SitecoreIdToken}}"
				}
			],
			"method": "GET",
			"pathVariableData": [],
			"queryParams": [],
			"auth": null,
			"events": null,
			"folder": "ae530246-62cd-40a3-844e-8e2cf0a70f43",
			"rawModeData": "",
			"headers": "Content-Type: application/json\nShopName: {{ShopName}}\nShopperId: {{ShopperId}}\nLanguage: {{Language}}\nCurrency: {{Currency}}\nEnvironment: {{Environment}}\nGeoLocation: {{GeoLocation}}\nCustomerId: {{CustomerId}}\nAuthorization: {{SitecoreIdToken}}\n",
			"pathVariables": {}
		},
		{
			"id": "ddbb0de0-f149-4400-9b90-4067c548243d",
			"name": "Transfer Inventory",
			"url": "{{ServiceHost}}/{{ShopsApi}}/DoUxAction()",
			"description": null,
			"data": [],
			"dataMode": "raw",
			"headerData": [
				{
					"key": "Content-Type",
					"value": "application/json"
				},
				{
					"key": "ShopName",
					"value": "{{ShopName}}"
				},
				{
					"key": "ShopperId",
					"value": "{{ShopperId}}"
				},
				{
					"key": "Language",
					"value": "{{Language}}"
				},
				{
					"key": "Currency",
					"value": "{{Currency}}"
				},
				{
					"key": "Environment",
					"value": "{{Environment}}"
				},
				{
					"key": "GeoLocation",
					"value": "{{GeoLocation}}"
				},
				{
					"key": "CustomerId",
					"value": "{{CustomerId}}"
				},
				{
					"key": "Authorization",
					"value": "{{SitecoreIdToken}}"
				}
			],
			"method": "PUT",
			"pathVariableData": [],
			"queryParams": [],
			"auth": null,
			"events": null,
			"folder": "a9d41ad0-6a94-4447-bb6d-776cd64b45ce",
			"rawModeData": "{\n    \"@odata.context\": \"http://localhost:5000/Api/$metadata#Sitecore.Commerce.EntityViews.EntityView\",\n    \"@odata.type\": \"#Sitecore.Commerce.EntityViews.EntityView\",\n    \"Name\": \"TransferInventory\",\n    \"Policies\": [],\n    \"DisplayName\": \"Transfer Inventory\",\n    \"EntityId\": \"{{InventorySetId}}\",\n    \"Action\": \"TransferInventory\",\n    \"ItemId\": \"{{SellableItemId}}\",\n    \"Properties\": [\n        {\n            \"Name\": \"Version\",\n            \"Policies\": [],\n            \"DisplayName\": \"Version\",\n            \"Value\": \"2\",\n            \"IsHidden\": true,\n            \"OriginalType\": \"System.Int32\",\n            \"IsReadOnly\": true,\n            \"UiType\": \"\",\n            \"IsRequired\": true\n        },\n        {\n            \"Name\": \"ProductId\",\n            \"Policies\": [],\n            \"DisplayName\": \"Product Id\",\n            \"Value\": \"Entity-SellableItem-123456\",\n            \"IsHidden\": false,\n            \"OriginalType\": \"System.String\",\n            \"IsReadOnly\": true,\n            \"UiType\": \"\",\n            \"IsRequired\": true\n        },\n        {\n            \"Name\": \"TargetInventorySet\",\n            \"Policies\": [\n                {\n                    \"@odata.type\": \"#Sitecore.Commerce.Core.AvailableSelectionsPolicy\",\n                    \"PolicyId\": \"ec37aa641a2546e2a0ae983a6f4f8ad5\",\n                    \"Models\": [],\n                    \"List\": [\n                        {\n                            \"Name\": \"Entity-InventorySet-Habitat_Inventory\",\n                            \"Policies\": [],\n                            \"DisplayName\": \"Habitat_Inventory\",\n                            \"IsDefault\": false\n                        }\n                    ],\n                    \"AllowMultiSelect\": false\n                }\n            ],\n            \"DisplayName\": \"Target Inventory Set\",\n            \"Value\": \"\",\n            \"IsHidden\": false,\n            \"OriginalType\": \"System.String\",\n            \"IsReadOnly\": false,\n            \"UiType\": \"\",\n            \"IsRequired\": true\n        },\n        {\n            \"Name\": \"Quantity\",\n            \"Policies\": [],\n            \"DisplayName\": \"Quantity\",\n            \"Value\": \"0\",\n            \"IsHidden\": false,\n            \"OriginalType\": \"System.Int32\",\n            \"IsReadOnly\": false,\n            \"UiType\": \"\",\n            \"IsRequired\": true\n        }\n    ],\n    \"ChildViews\": [],\n    \"DisplayRank\": 500,\n    \"UiHint\": \"Flat\",\n    \"Icon\": \"chart_column_stacked\"\n}",
			"headers": "Content-Type: application/json\nShopName: {{ShopName}}\nShopperId: {{ShopperId}}\nLanguage: {{Language}}\nCurrency: {{Currency}}\nEnvironment: {{Environment}}\nGeoLocation: {{GeoLocation}}\nCustomerId: {{CustomerId}}\nAuthorization: {{SitecoreIdToken}}\n",
			"pathVariables": {}
		}
	]
}