{
	"id": "391a6271-aff6-bbbf-0ea2-febbd67b2e9e",
	"name": "EntitlementsAPISamples",
	"description": "",
	"order": [],
	"folders": [
		{
			"id": "d3a124f9-03b1-a807-844a-98bae417f24a",
			"name": "API",
			"description": "",
			"order": [
				"3df3fb84-3bcf-09d4-350d-e70a4f55f20d",
				"d134354a-cbed-b192-bb18-5ee438da5c4f"
			],
			"owner": "195787",
			"collectionId": "f8736213-d8d4-6d4b-4e71-1dab32a3ea40"
		},
		{
			"id": "dcab7fdb-085a-35d6-9b41-094756c81b9e",
			"name": "Do Actions",
			"description": "",
			"order": [
				"021f7f79-1316-a144-3d00-6344188c775f"
			],
			"owner": "195787"
		},
		{
			"id": "9ad39ee5-4dd2-4969-0569-a6deb7a6c5da",
			"name": "Lists",
			"description": "",
			"order": [
				"204664c1-03a6-fa5f-9f7f-6b42aea5bd74"
			],
			"owner": "195787",
			"collectionId": "f8736213-d8d4-6d4b-4e71-1dab32a3ea40"
		}
	],
	"timestamp": 1480365349807,
	"owner": "195787",
	"public": false,
	"requests": [
		{
			"id": "021f7f79-1316-a144-3d00-6344188c775f",
			"headers": "Content-Type: application/json\nShopName: {{ShopName}}\nShopperId: {{ShopperId}}\nLanguage: {{Language}}\nCurrency: {{Currency}}\nEnvironment: {{Environment}}\nGeoLocation: {{GeoLocation}}\nCustomerId: {{CustomerId}}\nAuthorization: {{SitecoreIdToken}}\n",
			"url": "{{ServiceHost}}/{{ShopsApi}}/DoUxAction()",
			"preRequestScript": "",
			"pathVariables": {},
			"method": "PUT",
			"data": [],
			"dataMode": "raw",
			"tests": "",
			"currentHelper": "normal",
			"helperAttributes": {},
			"time": 1480709390878,
			"name": "Delete Entitlement",
			"description": "",
			"collectionId": "391a6271-aff6-bbbf-0ea2-febbd67b2e9e",
			"responses": [],
			"rawModeData": "{\n  \"@odata.context\": \"http://localhost:5000/api/$metadata#Sitecore.Commerce.EntityViews.EntityView\",\n  \"@odata.type\": \"#Sitecore.Commerce.EntityViews.EntityView\",\n  \"Name\": \"\",\n  \"Policies\": [],\n  \"EntityId\": \"{{OrderId}}\",\n  \"Action\": \"DeleteEntitlement\",\n  \"ItemId\": \"Entity-DigitalProduct-a3a438cc497048c3aa0a06fa6a305e71\",\n  \"Properties\": [\n   {\n      \"Name\": \"Version\",\n      \"Policies\": [],\n      \"DisplayName\": \"Version\",\n      \"Value\": \"1\",\n      \"IsHidden\": true,\n      \"OriginalType\": \"System.Int32\",\n      \"IsReadOnly\": true,\n      \"UiType\": \"\"\n    }\n  ],\n  \"ChildViews\": []\n}"
		},
		{
			"id": "204664c1-03a6-fa5f-9f7f-6b42aea5bd74",
			"headers": "Content-Type: application/json\nShopName: {{ShopName}}\nShopperId: {{ShopperId}}\nLanguage: {{Language}}\nCurrency: {{Currency}}\nEnvironment: {{Environment}}\nGeoLocation: {{GeoLocation}}\nCustomerId: {{CustomerId}}\nAuthorization: {{SitecoreIdToken}}\n",
			"url": "{{ServiceHost}}/{{ShopsApi}}/GetList(id='Entitlements',type='Sitecore.Commerce.Plugin.Entitlements.Entitlement, Sitecore.Commerce.Plugin.Entitlements',skip=0,take=20)?$expand=Items",
			"preRequestScript": "",
			"pathVariables": {},
			"method": "GET",
			"data": [],
			"dataMode": "params",
			"tests": "",
			"currentHelper": "normal",
			"helperAttributes": {},
			"time": 1480365513540,
			"name": "Entitlements",
			"description": "",
			"collectionId": "391a6271-aff6-bbbf-0ea2-febbd67b2e9e",
			"responses": [],
			"folder": "9ad39ee5-4dd2-4969-0569-a6deb7a6c5da"
		},
		{
			"id": "3df3fb84-3bcf-09d4-350d-e70a4f55f20d",
			"headers": "Content-Type: application/json\nShopName: {{ShopName}}\nShopperId: {{ShopperId}}\nLanguage: {{Language}}\nCurrency: {{Currency}}\nEnvironment: {{Environment}}\nGeoLocation: {{GeoLocation}}\nCustomerId: {{CustomerId}}\nAuthorization: {{SitecoreIdToken}}\n",
			"url": "{{ServiceHost}}/{{ShopsApi}}/Entitlements",
			"preRequestScript": "",
			"pathVariables": {},
			"method": "GET",
			"data": [],
			"dataMode": "params",
			"tests": "",
			"currentHelper": "normal",
			"helperAttributes": {},
			"time": 1480365415199,
			"name": "Get entitlements",
			"description": "",
			"collectionId": "391a6271-aff6-bbbf-0ea2-febbd67b2e9e",
			"responses": [],
			"folder": "d3a124f9-03b1-a807-844a-98bae417f24a"
		},
		{
			"id": "d134354a-cbed-b192-bb18-5ee438da5c4f",
			"headers": "Content-Type: application/json\nShopName: {{ShopName}}\nShopperId: {{ShopperId}}\nLanguage: {{Language}}\nCurrency: {{Currency}}\nEnvironment: {{Environment}}\nGeoLocation: {{GeoLocation}}\nCustomerId: {{CustomerId}}\nAuthorization: {{SitecoreIdToken}}\n",
			"url": "{{ServiceHost}}/{{ShopsApi}}/Entitlements('Entity-DigitalProduct-a3a438cc497048c3aa0a06fa6a305e71')?$expand=Components",
			"preRequestScript": "",
			"pathVariables": {},
			"method": "GET",
			"data": [],
			"dataMode": "params",
			"tests": "",
			"currentHelper": "normal",
			"helperAttributes": {},
			"time": 1480709376102,
			"name": "Get entitlement",
			"description": "",
			"collectionId": "391a6271-aff6-bbbf-0ea2-febbd67b2e9e",
			"responses": []
		}
	]
}