{
  "$type": "Sitecore.Commerce.Core.PolicySet, Sitecore.Commerce.Core",
  "Id": "Entity-PolicySet-BraintreePolicySet",
  "Version": 1,
  "IsPersisted": false,
  "Name": "BraintreePolicySet",
  "Policies": {
    "$type": "System.Collections.Generic.List`1[[Sitecore.Commerce.Core.Policy, Sitecore.Commerce.Core]], mscorlib",
    "$values": [     
      {
        "$type": "Plugin.Sample.Payments.Braintree.BraintreeClientPolicy, Plugin.Sample.Payments.Braintree",
        "Environment": "PlaceholderForBraintreeEnvironment",
        "MerchantId": "PlaceholderForBraintreeMerchantId",
        "PublicKey": "PlaceholderForBraintreePublicKey",
        "PrivateKey": "PlaceholderForBraintreePrivateKey",
        "ConnectTimeout": 120000
      }
    ]
  }
}