{
  "$type": "Sitecore.Commerce.Core.PolicySet, Sitecore.Commerce.Core",
  "Id": "Entity-PolicySet-PluginPolicySet",
  "Version": 1,
  "IsPersisted": false,
  "Name": "PluginPolicySet",
  "Policies": {
    "$type": "System.Collections.Generic.List`1[[Sitecore.Commerce.Core.Policy, Sitecore.Commerce.Core]], mscorlib",
    "$values": [
      {
        "$type": "Sitecore.Commerce.Core.PluginPolicy, Sitecore.Commerce.Core",
        "Plugin": "Sitecore.Commerce.Plugin.BusinessUser",
        "Icon": "businessperson"
      },
      {
        "$type": "Sitecore.Commerce.Core.PluginPolicy, Sitecore.Commerce.Core",
        "Plugin": "Sitecore.Commerce.Plugin.Content",
        "Icon": "art_track"
      },
      {
        "$type": "Sitecore.Commerce.Core.PluginPolicy, Sitecore.Commerce.Core",
        "Plugin": "Sitecore.Commerce.Plugin.Composer",
        "Icon": "tools"
      }
    ]
  }
}