{
  "$type": "Sitecore.Commerce.Core.CommerceEnvironment, Sitecore.Commerce.Core",
  "ArtifactStoreId": "78A1EA61-1F37-42A7-AC89-9A3F46D60CA5",
  "Components": {
    "$type": "System.Collections.Generic.List`1[[Sitecore.Commerce.Core.Component, Sitecore.Commerce.Core]], mscorlib",
    "$values": [
      {
        "$type": "Sitecore.Commerce.Plugin.ManagedLists.ListMembershipsComponent, Sitecore.Commerce.Plugin.ManagedLists",
        "Memberships": {
          "$type": "System.Collections.Generic.List`1[[System.String, mscorlib]], mscorlib",
          "$values": [ "CommerceEnvironments" ]
        },
        "Id": "efe49ff743d34b649fffcof293615cd9",
        "Policies": {
          "$type": "System.Collections.Generic.List`1[[Sitecore.Commerce.Core.Policy, Sitecore.Commerce.Core]], mscorlib",
          "$values": []
        },
        "ChildComponents": {
          "$type": "System.Collections.Generic.List`1[[Sitecore.Commerce.Core.Component, Sitecore.Commerce.Core]], mscorlib",
          "$values": []
        }
      }
    ]
  },
  "DateCreated": "2016-09-23T18:04:08.1660038Z",
  "DateUpdated": "2016-09-23T18:04:08.1760227Z",
  "Id": "Entity-CommerceEnvironment-HabitatMinions",
  "Version": 1,
  "IsPersisted": false,
  "Name": "HabitatMinions",
  "Policies": {
    "$type": "System.Collections.Generic.List`1[[Sitecore.Commerce.Core.Policy, Sitecore.Commerce.Core]], mscorlib",
    "$values": [
      {
        "$type": "Sitecore.Commerce.Plugin.Carts.CalculateCartPolicy, Sitecore.Commerce.Plugin.Carts",
        "AlwaysCalculate": true
      },
      {
        "$type": "Sitecore.Commerce.Core.PolicySetPolicy, Sitecore.Commerce.Core",
        "PolicySetId": "Entity-PolicySet-MinionsMemoryCachePolicySet"
      },
      {
        "$type": "Sitecore.Commerce.Core.PolicySetPolicy, Sitecore.Commerce.Core",
        "PolicySetId": "Entity-PolicySet-ContentPolicySet"
      },
      {
        "$type": "Sitecore.Commerce.Core.PolicySetPolicy, Sitecore.Commerce.Core",
        "PolicySetId": "Entity-PolicySet-LocalizeEntitiesPolicySet"
      },
      {
        "$type": "Sitecore.Commerce.Core.PolicySetPolicy, Sitecore.Commerce.Core",
        "PolicySetId": "Entity-PolicySet-SearchPolicySet"
      },
      {
        "$type": "Sitecore.Commerce.Core.PolicySetPolicy, Sitecore.Commerce.Core",
        "PolicySetId": "Entity-PolicySet-SolrSearchPolicySet"
      },
      {
        "$type": "Sitecore.Commerce.Core.PolicySetPolicy, Sitecore.Commerce.Core",
        "PolicySetId": "Entity-PolicySet-ShardingPolicySet"
      },
      {
        "$type": "Sitecore.Commerce.Core.PolicySetPolicy, Sitecore.Commerce.Core",
        "PolicySetId": "Entity-PolicySet-SqlPolicySet"
      },
      {
        "$type": "Sitecore.Commerce.Core.PolicySetPolicy, Sitecore.Commerce.Core",
        "PolicySetId": "Entity-PolicySet-ControllerMethodRolesPolicySet"
      },
      {
        "$type": "Sitecore.Commerce.Core.PolicySetPolicy, Sitecore.Commerce.Core",
        "PolicySetId": "Entity-PolicySet-SitecoreCatalogIndexingPolicySet"
      },
      {
        "$type": "Sitecore.Commerce.Core.MinionPolicy, Sitecore.Commerce.Core",
        "ListToWatch": "Orders",
        "FullyQualifiedName": "Sitecore.Commerce.Plugin.Search.FullIndexMinion, Sitecore.Commerce.Plugin.Search",
        "ItemsPerBatch": 10
      },
      {
        "$type": "Sitecore.Commerce.Core.MinionPolicy, Sitecore.Commerce.Core",
        "WakeupInterval": "00:03:00",
        "ListToWatch": "OrdersIndex",
        "FullyQualifiedName": "Sitecore.Commerce.Plugin.Search.IncrementalIndexMinion, Sitecore.Commerce.Plugin.Search",
        "ItemsPerBatch": 10,
        "SleepBetweenBatches": 500
      },
      {
        "$type": "Sitecore.Commerce.Core.MinionPolicy, Sitecore.Commerce.Core",
        "ListToWatch": "Customers",
        "FullyQualifiedName": "Sitecore.Commerce.Plugin.Search.FullIndexMinion, Sitecore.Commerce.Plugin.Search",
        "ItemsPerBatch": 10
      },
      {
        "$type": "Sitecore.Commerce.Core.MinionPolicy, Sitecore.Commerce.Core",
        "WakeupInterval": "00:05:00",
        "ListToWatch": "CustomersIndex",
        "FullyQualifiedName": "Sitecore.Commerce.Plugin.Search.IncrementalIndexMinion, Sitecore.Commerce.Plugin.Search",
        "ItemsPerBatch": 10,
        "SleepBetweenBatches": 500
      },
      {
        "$type": "Sitecore.Commerce.Core.MinionPolicy, Sitecore.Commerce.Core",
        "WakeupInterval": "00:05:00",
        "ListToWatch": "DeletedCustomersIndex",
        "FullyQualifiedName": "Sitecore.Commerce.Plugin.Search.DeleteIndexDocumentsMinion, Sitecore.Commerce.Plugin.Search",
        "ItemsPerBatch": 10,
        "SleepBetweenBatches": 500
      },
      {
        "$type": "Sitecore.Commerce.Core.MinionPolicy, Sitecore.Commerce.Core",
        "WakeupInterval": "00:05:00",
        "ListToWatch": "DeletedCatalogItemsIndex",
        "FullyQualifiedName": "Sitecore.Commerce.Plugin.Search.DeleteIndexDocumentsMinion, Sitecore.Commerce.Plugin.Search",
        "ItemsPerBatch": 10,
        "SleepBetweenBatches": 500
      },
      {
        "$type": "Sitecore.Commerce.Core.MinionPolicy, Sitecore.Commerce.Core",
        "ListToWatch": "CatalogItems",
        "FullyQualifiedName": "Sitecore.Commerce.Plugin.Search.FullIndexMinion, Sitecore.Commerce.Plugin.Search",
        "ItemsPerBatch": 10
      },
      {
        "$type": "Sitecore.Commerce.Core.MinionPolicy, Sitecore.Commerce.Core",
        "WakeupInterval": "00:05:00",
        "ListToWatch": "CatalogItemsIndex",
        "FullyQualifiedName": "Sitecore.Commerce.Plugin.Search.IncrementalIndexMinion, Sitecore.Commerce.Plugin.Search",
        "ItemsPerBatch": 10,
        "SleepBetweenBatches": 500
      },
      {
        "$type": "Sitecore.Commerce.Plugin.BusinessUsers.EnvironmentBusinessToolsPolicy,Sitecore.Commerce.Plugin.BusinessUsers",
        "ServiceUrl": "https://localhost:5000"
      },
      {
        "$type": "Sitecore.Commerce.Core.PolicySetPolicy, Sitecore.Commerce.Core",
        "PolicySetId": "Entity-PolicySet-BraintreePolicySet"
      },
      {
        "$type": "Sitecore.Commerce.Core.GlobalEnvironmentPolicy, Sitecore.Commerce.Core",
        "Languages": {
          "$type": "System.Collections.Generic.List`1[[System.String, mscorlib]], mscorlib",
          "$values": [ "en", "de-DE", "ja-JP", "fr-FR" ]
        },
        "DefaultCurrency": "USD",
        "DefaultCountry": {
          "$type": "Sitecore.Commerce.Core.EntityReference, Sitecore.Commerce.Core",
          "Name": "",
          "EntityTarget": "Entity-Country-USA",
          "Policies": {
            "$type": "System.Collections.Generic.List`1[[Sitecore.Commerce.Core.Policy, Sitecore.Commerce.Core]], mscorlib",
            "$values": []
          }
        },
        "Countries": {
          "$type": "System.Collections.Generic.List`1[[Sitecore.Commerce.Core.EntityReference, Sitecore.Commerce.Core]], mscorlib",
          "$values": [
            {
              "$type": "Sitecore.Commerce.Core.EntityReference, Sitecore.Commerce.Core",
              "Name": "",
              "EntityTarget": "Entity-Country-USA",
              "Policies": {
                "$type": "System.Collections.Generic.List`1[[Sitecore.Commerce.Core.Policy, Sitecore.Commerce.Core]], mscorlib",
                "$values": []
              }
            },
            {
              "$type": "Sitecore.Commerce.Core.EntityReference, Sitecore.Commerce.Core",
              "Name": "",
              "EntityTarget": "Entity-Country-CAN",
              "Policies": {
                "$type": "System.Collections.Generic.List`1[[Sitecore.Commerce.Core.Policy, Sitecore.Commerce.Core]], mscorlib",
                "$values": []
              }
            }
          ]
        },
        "DefaultLocale": "en",
        "FirstDayOfWeek": "Sunday",
        "PostalCodeOptionalCountries": {
          "$type": "System.Collections.Generic.List`1[[System.String, mscorlib]], mscorlib",
          "$values": []
        }
      },
      {
        "$type": "Sitecore.Commerce.Plugin.Carts.RollupCartLinesPolicy, Sitecore.Commerce.Plugin.Carts",
        "Rollup": true
      },
      {
        "$type": "Sitecore.Commerce.Plugin.Journaling.EntityJournalingPolicy, Sitecore.Commerce.Plugin.Journaling",
        "EntityFullName": "Sitecore.Commerce.Plugin.Orders.Order",
        "Journal": "OrdersJournal"
      },
      {
        "$type": "Sitecore.Commerce.Plugin.Returns.RequestRmaReasonsPolicy, Sitecore.Commerce.Plugin.Returns",
        "List": {
          "$type": "System.Collections.Generic.List`1[[Sitecore.Commerce.Plugin.Returns.RmaReason, Sitecore.Commerce.Plugin.Returns]], mscorlib",
          "$values": [
            {
              "$type": "Sitecore.Commerce.Plugin.Returns.RmaReason, Sitecore.Commerce.Plugin.Returns",
              "Code": "WrongItem",
              "Description": "The wrong item was sent",
              "Name": "",
              "Policies": {
                "$type": "System.Collections.Generic.List`1[[Sitecore.Commerce.Core.Policy, Sitecore.Commerce.Core]], mscorlib",
                "$values": []
              }
            },
            {
              "$type": "Sitecore.Commerce.Plugin.Returns.RmaReason, Sitecore.Commerce.Plugin.Returns",
              "Code": "DidNotLike",
              "Description": "Customer did not like item",
              "Name": "",
              "Policies": {
                "$type": "System.Collections.Generic.List`1[[Sitecore.Commerce.Core.Policy, Sitecore.Commerce.Core]], mscorlib",
                "$values": []
              }
            }
          ]
        }
      },
      {
        "$type": "Sitecore.Commerce.Core.MinionPolicy, Sitecore.Commerce.Core",
        "WakeupInterval": "00:00:01",
        "ListToWatch": "",
        "FullyQualifiedName": "Sitecore.Commerce.Core.NodeHeartBeatMinion, Sitecore.Commerce.Core",
        "ItemsPerBatch": 10,
        "SleepBetweenBatches": 500
      },
      {
        "$type": "Sitecore.Commerce.Core.MinionBossPolicy, Sitecore.Commerce.Core",
        "Children": {
          "$type": "System.Collections.Generic.List`1[[Sitecore.Commerce.Core.MinionPolicy, Sitecore.Commerce.Core]], mscorlib",
          "$values": [
            {
              "$type": "Sitecore.Commerce.Core.MinionPolicy, Sitecore.Commerce.Core",
              "WakeupInterval": "00:05:00",
              "ListToWatch": "PendingOrders.1",
              "FullyQualifiedName": "Sitecore.Commerce.Plugin.Orders.PendingOrdersMinion, Sitecore.Commerce.Plugin.Orders",
              "ItemsPerBatch": 10,
              "SleepBetweenBatches": 500
            },
            {
              "$type": "Sitecore.Commerce.Core.MinionPolicy, Sitecore.Commerce.Core",
              "WakeupInterval": "00:05:00",
              "ListToWatch": "PendingOrders.2",
              "FullyQualifiedName": "Sitecore.Commerce.Plugin.Orders.PendingOrdersMinion, Sitecore.Commerce.Plugin.Orders",
              "ItemsPerBatch": 10,
              "SleepBetweenBatches": 500
            }
          ]
        },
        "WakeupInterval": "00:05:00",
        "ListToWatch": "PendingOrders",
        "FullyQualifiedName": "Sitecore.Commerce.Plugin.Orders.PendingOrdersMinionBoss, Sitecore.Commerce.Plugin.Orders",
        "ItemsPerBatch": 10,
        "SleepBetweenBatches": 500
      },
      {
        "$type": "Sitecore.Commerce.Core.MinionPolicy, Sitecore.Commerce.Core",
        "WakeupInterval": "00:05:00",
        "ListToWatch": "ReleasedOrders",
        "FullyQualifiedName": "Sitecore.Commerce.Plugin.Orders.ReleasedOrdersMinion, Sitecore.Commerce.Plugin.Orders",
        "ItemsPerBatch": 10,
        "SleepBetweenBatches": 500
      },
      {
        "$type": "Sitecore.Commerce.Core.MinionPolicy, Sitecore.Commerce.Core",
        "WakeupInterval": "00:05:00",
        "ListToWatch": "WaitingForAvailabilityOrders",
        "FullyQualifiedName": "Sitecore.Commerce.Plugin.Orders.DelayedAvailability.WaitingForAvailabilityOrdersMinion, Sitecore.Commerce.Plugin.Orders.DelayedAvailability",
        "ItemsPerBatch": 10,
        "SleepBetweenBatches": 500
      },
      {
        "$type": "Sitecore.Commerce.Core.MinionPolicy, Sitecore.Commerce.Core",
        "WakeupInterval": "00:05:00",
        "ListToWatch": "RefundPendingRmas",
        "FullyQualifiedName": "Sitecore.Commerce.Plugin.Returns.RefundRmasMinion, Sitecore.Commerce.Plugin.Returns",
        "ItemsPerBatch": 10,
        "SleepBetweenBatches": 500
      },
      {
        "$type": "Sitecore.Commerce.Core.MinionPolicy, Sitecore.Commerce.Core",
        "WakeupInterval": "00:05:00",
        "ListToWatch": "SettleSalesActivities",
        "FullyQualifiedName": "Sitecore.Commerce.Plugin.Orders.SettleSalesActivitiesMinion, Sitecore.Commerce.Plugin.Orders",
        "ItemsPerBatch": 10,
        "SleepBetweenBatches": 500
      },
      {
        "$type": "Sitecore.Commerce.Core.MinionPolicy, Sitecore.Commerce.Core",
        "WakeupInterval": "00:05:00",
        "ListToWatch": "PurgeCategories",
        "FullyQualifiedName": "Sitecore.Commerce.Plugin.Catalog.PurgeCategoriesMinion, Sitecore.Commerce.Plugin.Catalog",
        "ItemsPerBatch": 10,
        "SleepBetweenBatches": 500
      },
      {
        "$type": "Sitecore.Commerce.Core.MinionPolicy, Sitecore.Commerce.Core",
        "WakeupInterval": "00:05:00",
        "ListToWatch": "PurgeCatalogs",
        "FullyQualifiedName": "Sitecore.Commerce.Plugin.Catalog.PurgeCatalogsMinion, Sitecore.Commerce.Plugin.Catalog",
        "ItemsPerBatch": 10,
        "SleepBetweenBatches": 500
      },
      {
        "$type": "Sitecore.Commerce.Core.ListNamePolicy, Sitecore.Commerce.Core",
        "Prefix": "List",
        "Suffix": "ByDate",
        "Separator": "-"
      },
      {
        "$type": "Sitecore.Commerce.Plugin.Orders.GlobalOrderPolicy, Sitecore.Commerce.Plugin.Orders",
        "InvoicePrefix": "aaa",
        "InvoiceSuffix": "zzz",
        "AllowOrderCancel": true,
        "SubmittedOrderList": "PendingOrders",
        "CompletedOrderList": "CompletedOrders",
        "CreatedOrderStatus": "Pending",
        "CreatedOrderPaymentStatus": "Paid"
      },
      {
        "$type": "Sitecore.Commerce.Plugin.Orders.OnHoldOrdersPolicy, Sitecore.Commerce.Plugin.Orders",
        "AllowHoldStatuses": {
          "$type": "System.Collections.Generic.List`1[[System.String, mscorlib]], mscorlib",
          "$values": [ "Pending", "Problem" ]
        }
      },
      {
        "$type": "Sitecore.Commerce.Plugin.Orders.CancelOrdersPolicy, Sitecore.Commerce.Plugin.Orders",
        "AllowCancelStatuses": {
          "$type": "System.Collections.Generic.List`1[[System.String, mscorlib]], mscorlib",
          "$values": [ "Pending", "Problem", "OnHold" ]
        }
      },
      {
        "$type": "Sitecore.Commerce.Plugin.Inventory.GlobalInventoryPolicy, Sitecore.Commerce.Plugin.Inventory",
        "CheckStockLevel": true,
        "SubtractStockOnOrder": true,
        "DefaultAllocationDateAvailable": "0001-01-01T00:00:00+00:00"
      },
      {
        "$type": "Sitecore.Commerce.Core.GlobalCurrencyPolicy, Sitecore.Commerce.Core",
        "DefaultCurrencySet": "0F65742E-317F-44B0-A4DE-EBF06209E8EE"
      },
      {
        "$type": "Sitecore.Commerce.Plugin.Fulfillment.GlobalPhysicalFulfillmentPolicy, Sitecore.Commerce.Plugin.Fulfillment",
        "MaxShippingWeight": 50.0,
        "MeasurementUnits": "Inches",
        "WeightUnits": "Lbs",
        "DefaultCartFulfillmentFees": {
          "$type": "System.Collections.Generic.List`1[[Sitecore.Commerce.Core.Money, Sitecore.Commerce.Core]], mscorlib",
          "$values": [
            {
              "$type": "Sitecore.Commerce.Core.Money, Sitecore.Commerce.Core",
              "CurrencyCode": "USD",
              "Amount": 10.0
            },
            {
              "$type": "Sitecore.Commerce.Core.Money, Sitecore.Commerce.Core",
              "CurrencyCode": "CAD",
              "Amount": 12.0
            }
          ]
        },
        "DefaultCartFulfillmentFee": {
          "$type": "Sitecore.Commerce.Core.Money, Sitecore.Commerce.Core",
          "CurrencyCode": "USD",
          "Amount": 3.0
        },
        "DefaultItemFulfillmentFees": {
          "$type": "System.Collections.Generic.List`1[[Sitecore.Commerce.Core.Money, Sitecore.Commerce.Core]], mscorlib",
          "$values": [
            {
              "$type": "Sitecore.Commerce.Core.Money, Sitecore.Commerce.Core",
              "CurrencyCode": "USD",
              "Amount": 2.0
            },
            {
              "$type": "Sitecore.Commerce.Core.Money, Sitecore.Commerce.Core",
              "CurrencyCode": "CAD",
              "Amount": 3.0
            }
          ]
        },
        "DefaultItemFulfillmentFee": {
          "$type": "Sitecore.Commerce.Core.Money, Sitecore.Commerce.Core",
          "CurrencyCode": "USD",
          "Amount": 3.0
        },
        "FulfillmentFees": {
          "$type": "System.Collections.Generic.List`1[[Sitecore.Commerce.Plugin.Fulfillment.FulfillmentFee, Sitecore.Commerce.Plugin.Fulfillment]], mscorlib",
          "$values": [
            {
              "$type": "Sitecore.Commerce.Plugin.Fulfillment.FulfillmentFee, Sitecore.Commerce.Plugin.Fulfillment",
              "Fee": {
                "$type": "Sitecore.Commerce.Core.Money, Sitecore.Commerce.Core",
                "CurrencyCode": "USD",
                "Amount": 15.0
              },
              "Name": "Ground",
              "Policies": {
                "$type": "System.Collections.Generic.List`1[[Sitecore.Commerce.Core.Policy, Sitecore.Commerce.Core]], mscorlib",
                "$values": []
              }
            },
            {
              "$type": "Sitecore.Commerce.Plugin.Fulfillment.FulfillmentFee, Sitecore.Commerce.Plugin.Fulfillment",
              "Fee": {
                "$type": "Sitecore.Commerce.Core.Money, Sitecore.Commerce.Core",
                "CurrencyCode": "USD",
                "Amount": 2.0
              },
              "Name": "Standard",
              "Policies": {
                "$type": "System.Collections.Generic.List`1[[Sitecore.Commerce.Core.Policy, Sitecore.Commerce.Core]], mscorlib",
                "$values": []
              }
            },
            {
              "$type": "Sitecore.Commerce.Plugin.Fulfillment.FulfillmentFee, Sitecore.Commerce.Plugin.Fulfillment",
              "Fee": {
                "$type": "Sitecore.Commerce.Core.Money, Sitecore.Commerce.Core",
                "CurrencyCode": "USD",
                "Amount": 5.0
              },
              "Name": "Next Day Air",
              "Policies": {
                "$type": "System.Collections.Generic.List`1[[Sitecore.Commerce.Core.Policy, Sitecore.Commerce.Core]], mscorlib",
                "$values": []
              }
            },
            {
              "$type": "Sitecore.Commerce.Plugin.Fulfillment.FulfillmentFee, Sitecore.Commerce.Plugin.Fulfillment",
              "Fee": {
                "$type": "Sitecore.Commerce.Core.Money, Sitecore.Commerce.Core",
                "CurrencyCode": "USD",
                "Amount": 10.0
              },
              "Name": "Standard Overnight",
              "Policies": {
                "$type": "System.Collections.Generic.List`1[[Sitecore.Commerce.Core.Policy, Sitecore.Commerce.Core]], mscorlib",
                "$values": []
              }
            },
            {
              "$type": "Sitecore.Commerce.Plugin.Fulfillment.FulfillmentFee, Sitecore.Commerce.Plugin.Fulfillment",
              "Fee": {
                "$type": "Sitecore.Commerce.Core.Money, Sitecore.Commerce.Core",
                "CurrencyCode": "CAD",
                "Amount": 15.0
              },
              "Name": "Ground",
              "Policies": {
                "$type": "System.Collections.Generic.List`1[[Sitecore.Commerce.Core.Policy, Sitecore.Commerce.Core]], mscorlib",
                "$values": []
              }
            },
            {
              "$type": "Sitecore.Commerce.Plugin.Fulfillment.FulfillmentFee, Sitecore.Commerce.Plugin.Fulfillment",
              "Fee": {
                "$type": "Sitecore.Commerce.Core.Money, Sitecore.Commerce.Core",
                "CurrencyCode": "CAD",
                "Amount": 2.0
              },
              "Name": "Standard",
              "Policies": {
                "$type": "System.Collections.Generic.List`1[[Sitecore.Commerce.Core.Policy, Sitecore.Commerce.Core]], mscorlib",
                "$values": []
              }
            },
            {
              "$type": "Sitecore.Commerce.Plugin.Fulfillment.FulfillmentFee, Sitecore.Commerce.Plugin.Fulfillment",
              "Fee": {
                "$type": "Sitecore.Commerce.Core.Money, Sitecore.Commerce.Core",
                "CurrencyCode": "CAD",
                "Amount": 5.0
              },
              "Name": "Next Day Air",
              "Policies": {
                "$type": "System.Collections.Generic.List`1[[Sitecore.Commerce.Core.Policy, Sitecore.Commerce.Core]], mscorlib",
                "$values": []
              }
            },
            {
              "$type": "Sitecore.Commerce.Plugin.Fulfillment.FulfillmentFee, Sitecore.Commerce.Plugin.Fulfillment",
              "Fee": {
                "$type": "Sitecore.Commerce.Core.Money, Sitecore.Commerce.Core",
                "CurrencyCode": "CAD",
                "Amount": 10.0
              },
              "Name": "Standard Overnight",
              "Policies": {
                "$type": "System.Collections.Generic.List`1[[Sitecore.Commerce.Core.Policy, Sitecore.Commerce.Core]], mscorlib",
                "$values": []
              }
            }
          ]
        }
      },
      {
        "$type": "Sitecore.Commerce.Plugin.Orders.GlobalCheckoutPolicy, Sitecore.Commerce.Plugin.Orders",
        "EnableQuickCheckout": true,
        "EnableGuestCheckout": true,
        "EnableTermsAndConditions": true,
        "MinimumOrderQuantity": 1.0
      },
      {
        "$type": "Sitecore.Commerce.Plugin.Tax.GlobalTaxPolicy, Sitecore.Commerce.Plugin.Tax",
        "DefaultCartTaxRate": 0.1,
        "DefaultItemTaxRate": 0.1,
        "TaxCalculationEnabled": true,
        "PriceIncudesTax": false,
        "CalculateTaxBasedOn": "ShippingAddress",
        "ShippingTaxClass": "CartItems",
        "RoundAtSubTotal": false
      },
      {
        "$type": "Sitecore.Commerce.Core.TransactionsPolicy, Sitecore.Commerce.Core",
        "TransactionalityEnabled": true,
        "TransactionTimeOut": 180
      },
      {
        "$type": "Sitecore.Commerce.Core.IgnorePublishedPolicy, Sitecore.Commerce.Core"
      }
    ]
  }
}