﻿{
  "$type": "Sitecore.Commerce.Core.PolicySet, Sitecore.Commerce.Core",
  "Id": "Entity-PolicySet-SqlPolicySet",
  "Version": 1,
  "IsPersisted": false,
  "Name": "SqlPolicySet",
  "Policies": {
    "$type": "System.Collections.Generic.List`1[[Sitecore.Commerce.Core.Policy, Sitecore.Commerce.Core]], mscorlib",
    "$values": [
      {
        "$type": "Sitecore.Commerce.Plugin.SQL.EntityStoreSqlPolicy, Sitecore.Commerce.Plugin.SQL",
        "TrustedConnection": true,
        "UserName": "",
        "Password": "",
        "Server": ".",
        "Database": "SitecoreCommerce9_SharedEnvironments",
        "AdditionalParameters": "",
        "ConnectTimeout": 120000,
        "CommandTimeout": 180,
        "CleanEnvironmentCommandTimeout": 120000
      }
    ]
  }
}