{
  "$type": "Sitecore.Commerce.Core.PolicySet, Sitecore.Commerce.Core",
  "Id": "Entity-PolicySet-SolrSearchPolicySet",
  "Version": 1,
  "IsPersisted": false,
  "Name": "SolrSearchPolicySet",
  "Policies": {
    "$type": "System.Collections.Generic.List`1[[Sitecore.Commerce.Core.Policy, Sitecore.Commerce.Core]], mscorlib",
    "$values": [
      {
        "$type": "Sitecore.Commerce.Plugin.Search.Solr.SolrSearchPolicy, Sitecore.Commerce.Plugin.Search.Solr",
        "SolrUrl": "https://localhost:8983/solr",
        "ConnectionTimeout": -1,
        "SolrDateTimeFormatString": "yyyy-MM-dd'T'HH:mm:ss.FFF'Z'",
        "DefaultSearchOnlyStringFields": true
      }
    ]
  }
}