{
  "$type": "Sitecore.Commerce.Core.PolicySet, Sitecore.Commerce.Core",
  "Id": "Entity-PolicySet-RelationshipsPolicySet",
  "Version": 1,
  "IsPersisted": false,
  "Name": "RelationshipsPolicySet",
  "Policies": {
    "$type": "System.Collections.Generic.List`1[[Sitecore.Commerce.Core.Policy, Sitecore.Commerce.Core]], mscorlib",
    "$values": [
      {
        "$type": "Sitecore.Commerce.Plugin.Catalog.RelationshipPolicy, Sitecore.Commerce.Plugin.Catalog",
        "Type": "Sitecore.Commerce.Plugin.Catalog.Catalog, Sitecore.Commerce.Plugin.Catalog",
        "AllowedTargetTypes": {
          "$type": "System.Collections.Generic.List`1[[System.String, mscorlib]], mscorlib",
          "$values": [
            "Sitecore.Commerce.Plugin.Catalog.Category, Sitecore.Commerce.Plugin.Catalog",
            "Sitecore.Commerce.Plugin.Catalog.SellableItem, Sitecore.Commerce.Plugin.Catalog"
          ]
        },
        "AllowedViews": {
          "$type": "System.Collections.Generic.List`1[[System.String, mscorlib]], mscorlib",
          "$values": [
            "Master",
            "ConnectCatalog"
          ]
        }
      },
      {
        "$type": "Sitecore.Commerce.Plugin.Catalog.RelationshipPolicy, Sitecore.Commerce.Plugin.Catalog",
        "Type": "Sitecore.Commerce.Plugin.Catalog.Category, Sitecore.Commerce.Plugin.Catalog",
        "AllowedTargetTypes": {
          "$type": "System.Collections.Generic.List`1[[System.String, mscorlib]], mscorlib",
          "$values": [
            "Sitecore.Commerce.Plugin.Catalog.Category, Sitecore.Commerce.Plugin.Catalog",
            "Sitecore.Commerce.Plugin.Catalog.SellableItem, Sitecore.Commerce.Plugin.Catalog"
          ]
        },
        "AllowedViews": {
          "$type": "System.Collections.Generic.List`1[[System.String, mscorlib]], mscorlib",
          "$values": [
            "Master",
            "ConnectCategory"
          ]
        }
      },
      {
        "$type": "Sitecore.Commerce.Plugin.Catalog.RelationshipPolicy, Sitecore.Commerce.Plugin.Catalog",
        "Type": "Sitecore.Commerce.Plugin.Catalog.SellableItem, Sitecore.Commerce.Plugin.Catalog",
        "AllowedTargetTypes": {
          "$type": "System.Collections.Generic.List`1[[System.String, mscorlib]], mscorlib",
          "$values": [
            "Sitecore.Commerce.Plugin.Catalog.SellableItem, Sitecore.Commerce.Plugin.Catalog"
          ]
        },
        "AllowedViews": {
          "$type": "System.Collections.Generic.List`1[[System.String, mscorlib]], mscorlib",
          "$values": [
            "Master",
            "ConnectSellableItem"
          ]
        }
      }
    ]
  }
}